garden,basement,elevator,balcony,floor (storey),nmbr of rooms,construction year,unemployment,Anteil Gruenenwaehler,price
0.0,0.0,0.0,0.0,0.1,0.14,0.49,0.5,0.0,0
0.0,1.0,0.0,1.0,0.07,0.21,0.45,0.0,1.0,0
0.0,1.0,0.0,1.0,0.1,0.07,0.76,1.0,0.5,0
0.0,0.0,0.0,0.0,0.17,0.07,0.49,0.5,0.0,0
0.0,0.0,0.0,0.0,0.13,0.14,0.49,0.5,0.0,0
0.0,1.0,0.0,1.0,0.0,0.18,0.77,0.0,0.0,0
0.0,1.0,0.0,1.0,0.07,0.21,0.72,0.5,0.0,0
0.0,1.0,0.0,1.0,0.07,0.14,0.76,1.0,1.0,0
0.0,1.0,1.0,1.0,0.0,0.18,0.88,0.5,0.0,1
1.0,1.0,0.0,1.0,0.1,0.18,0.5,0.5,1.0,1
1.0,1.0,0.0,1.0,0.0,0.14,0.45,0.5,0.0,0
0.0,1.0,0.0,0.0,0.0,0.07,0.88,0.5,0.0,0
0.0,1.0,0.0,0.0,0.0,0.07,0.88,0.5,0.0,0
0.0,1.0,0.0,0.0,0.0,0.07,0.5,0.0,1.0,0
0.0,1.0,0.0,0.0,0.0,0.07,0.88,0.5,0.0,0
0.0,0.0,0.0,0.0,0.17,0.07,0.49,0.5,0.0,0
0.0,1.0,0.0,0.0,0.1,0.0,0.72,1.0,0.0,0
0.0,1.0,0.0,1.0,0.0,0.0,0.74,0.5,0.0,0
0.0,0.0,0.0,0.0,0.0,0.07,0.59,0.0,0.0,0
0.0,1.0,0.0,0.0,0.0,0.0,0.71,0.0,0.0,0
1.0,1.0,0.0,0.0,0.13,0.07,0.82,0.0,0.5,0
0.0,1.0,1.0,1.0,0.0,0.04,0.86,0.5,1.0,0
0.0,1.0,0.0,1.0,0.07,0.0,0.84,0.0,0.5,0
0.0,0.0,0.0,0.0,0.0,0.07,0.68,0.0,1.0,0
0.0,0.0,0.0,0.0,0.0,0.07,0.45,1.0,0.5,0
0.0,0.0,0.0,0.0,0.07,0.14,0.62,1.0,0.5,0
0.0,1.0,0.0,0.0,0.17,0.07,0.49,1.0,0.5,0
0.0,1.0,1.0,1.0,0.1,0.07,0.77,0.0,0.5,0
0.0,0.0,0.0,1.0,0.07,0.0,0.76,0.0,1.0,0
0.0,1.0,1.0,1.0,0.07,0.07,0.72,1.0,0.0,0
0.0,1.0,0.0,1.0,0.07,0.07,0.45,1.0,1.0,0
0.0,0.0,0.0,0.0,0.0,0.07,0.5,0.0,1.0,0
0.0,1.0,0.0,0.0,0.07,0.07,0.68,0.0,1.0,0
0.0,1.0,0.0,1.0,0.0,0.14,0.72,0.0,0.0,0
0.0,1.0,0.0,1.0,0.1,0.11,0.71,0.5,0.0,0
0.0,1.0,0.0,1.0,0.0,0.14,0.7,0.0,0.0,0
0.0,1.0,0.0,0.0,0.1,0.07,0.54,0.5,0.0,0
0.0,1.0,0.0,1.0,0.07,0.07,0.77,0.5,0.0,0
0.0,0.0,0.0,0.0,0.0,0.07,0.86,0.5,1.0,0
0.0,1.0,0.0,0.0,0.0,0.07,0.51,1.0,0.5,0
0.0,1.0,0.0,0.0,0.0,0.14,0.52,1.0,1.0,0
0.0,0.0,0.0,0.0,0.07,0.14,0.49,0.5,0.0,0
0.0,1.0,0.0,1.0,0.0,0.04,0.82,0.0,0.5,0
1.0,1.0,0.0,0.0,0.1,0.11,0.74,0.0,0.5,0
0.0,1.0,1.0,1.0,0.2,0.07,0.79,0.5,1.0,0
0.0,1.0,1.0,1.0,0.1,0.07,0.75,1.0,1.0,0
0.0,1.0,0.0,1.0,0.1,0.07,0.72,0.5,1.0,0
0.0,0.0,0.0,0.0,0.0,0.07,0.88,0.5,0.0,0
0.0,1.0,0.0,1.0,0.0,0.11,0.68,0.0,0.0,0
1.0,0.0,0.0,0.0,0.0,0.07,0.88,0.5,0.0,0
0.0,1.0,0.0,0.0,0.0,0.14,0.69,0.5,0.0,0
0.0,1.0,1.0,1.0,0.07,0.07,0.75,0.0,0.0,0
0.0,1.0,0.0,0.0,0.0,0.07,0.86,0.0,1.0,0
0.0,0.0,1.0,1.0,0.07,0.07,0.91,0.5,0.0,0
0.0,1.0,0.0,1.0,0.13,0.14,0.71,1.0,0.5,0
1.0,1.0,0.0,0.0,0.0,0.07,0.86,0.5,0.0,0
0.0,1.0,1.0,1.0,0.13,0.07,0.78,0.5,0.0,0
0.0,1.0,1.0,1.0,0.07,0.07,0.78,0.0,0.0,0
0.0,1.0,1.0,1.0,0.07,0.14,0.74,1.0,0.0,0
0.0,1.0,0.0,0.0,0.0,0.21,0.71,1.0,0.5,0
0.0,0.0,0.0,0.0,0.0,0.21,0.71,1.0,0.5,0
0.0,1.0,0.0,0.0,0.1,0.11,0.69,0.0,1.0,0
0.0,1.0,0.0,1.0,0.0,0.07,0.72,0.0,0.0,0
0.0,1.0,0.0,1.0,0.07,0.18,0.76,0.5,0.0,0
0.0,1.0,1.0,0.0,0.1,0.07,0.75,1.0,1.0,0
0.0,1.0,0.0,0.0,0.0,0.07,0.49,0.5,1.0,0
0.0,1.0,0.0,0.0,0.1,0.14,0.67,1.0,0.0,0
0.0,1.0,1.0,1.0,0.3,0.11,0.72,0.0,0.0,0
0.0,0.0,1.0,1.0,0.43,0.11,0.77,0.0,0.5,0
1.0,1.0,0.0,1.0,0.0,0.14,0.7,0.0,0.0,0
0.0,1.0,0.0,1.0,0.07,0.14,0.76,0.5,0.0,0
1.0,1.0,0.0,1.0,0.0,0.14,0.82,1.0,0.0,0
0.0,0.0,0.0,0.0,0.0,0.21,0.39,0.5,0.0,0
0.0,1.0,0.0,1.0,0.1,0.07,0.71,0.0,1.0,0
0.0,1.0,0.0,0.0,0.0,0.14,0.7,0.0,0.0,0
1.0,1.0,0.0,1.0,0.1,0.14,0.76,0.0,0.5,0
0.0,1.0,0.0,0.0,0.17,0.07,0.58,0.0,1.0,0
0.0,0.0,1.0,0.0,0.07,0.07,0.83,0.0,0.5,0
1.0,0.0,0.0,1.0,0.0,0.14,0.76,0.0,0.5,0
1.0,1.0,0.0,0.0,0.0,0.14,0.62,0.5,1.0,0
0.0,1.0,0.0,0.0,0.1,0.14,0.58,0.5,0.0,0
1.0,1.0,0.0,1.0,0.13,0.14,0.77,0.0,0.0,0
0.0,0.0,0.0,1.0,0.0,0.21,0.73,1.0,0.5,0
0.0,1.0,0.0,0.0,0.0,0.21,0.61,1.0,0.5,0
0.0,1.0,0.0,0.0,0.0,0.21,0.61,1.0,0.5,0
0.0,0.0,0.0,1.0,0.1,0.14,0.86,0.0,0.0,0
1.0,0.0,0.0,1.0,0.0,0.21,0.68,0.0,0.0,0
1.0,0.0,0.0,0.0,0.0,0.14,0.74,0.0,0.0,0
0.0,1.0,0.0,0.0,0.13,0.18,0.48,0.5,0.0,0
0.0,0.0,0.0,0.0,0.0,0.07,0.5,0.0,1.0,0
0.0,1.0,0.0,1.0,0.13,0.14,0.71,0.5,1.0,0
1.0,0.0,0.0,0.0,0.0,0.21,0.7,0.0,0.0,0
0.0,1.0,1.0,1.0,0.33,0.14,0.76,0.0,0.0,0
0.0,1.0,0.0,0.0,0.0,0.21,0.39,0.5,0.0,0
0.0,1.0,0.0,1.0,0.1,0.14,0.67,0.0,0.0,0
1.0,0.0,1.0,1.0,0.1,0.07,0.93,0.0,0.0,0
1.0,0.0,1.0,1.0,0.1,0.07,0.93,0.0,0.0,0
0.0,1.0,0.0,0.0,0.0,0.18,0.81,0.0,0.0,0
0.0,0.0,0.0,0.0,0.0,0.18,0.81,0.0,0.0,0
0.0,1.0,0.0,1.0,0.0,0.14,0.88,0.0,0.5,0
0.0,0.0,0.0,1.0,0.07,0.14,0.72,1.0,0.5,0
0.0,1.0,0.0,1.0,0.07,0.14,0.85,0.5,0.0,0
0.0,1.0,0.0,0.0,0.1,0.25,0.44,1.0,0.0,0
0.0,1.0,1.0,1.0,0.2,0.18,0.75,0.0,0.0,0
0.0,1.0,0.0,1.0,0.13,0.21,0.75,1.0,0.0,0
0.0,1.0,0.0,1.0,0.07,0.07,0.69,0.0,1.0,1
0.0,1.0,1.0,0.0,0.3,0.07,0.75,0.0,0.0,0
0.0,1.0,0.0,0.0,0.0,0.21,0.49,1.0,0.0,0
0.0,0.0,0.0,1.0,0.0,0.11,0.95,1.0,0.5,0
0.0,1.0,1.0,1.0,0.07,0.07,0.98,0.0,0.0,1
0.0,1.0,1.0,0.0,0.0,0.14,0.7,0.0,1.0,0
0.0,1.0,0.0,1.0,0.13,0.14,0.71,0.5,1.0,0
1.0,1.0,0.0,0.0,0.0,0.11,0.86,0.0,0.0,1
1.0,1.0,1.0,0.0,0.0,0.07,1.0,0.5,1.0,0
0.0,1.0,1.0,0.0,0.07,0.21,0.77,0.0,0.5,0
0.0,1.0,0.0,1.0,0.1,0.14,0.87,0.0,0.5,0
0.0,1.0,1.0,1.0,0.07,0.11,0.79,0.0,1.0,0
1.0,1.0,0.0,1.0,0.0,0.14,0.74,0.5,0.5,0
0.0,1.0,0.0,1.0,0.1,0.18,0.81,0.0,0.0,0
0.0,1.0,0.0,1.0,0.1,0.18,0.83,0.5,0.0,0
0.0,1.0,0.0,1.0,0.0,0.14,0.62,0.5,1.0,0
0.0,1.0,0.0,0.0,0.07,0.21,0.5,0.5,1.0,0
0.0,1.0,0.0,1.0,0.0,0.25,0.76,1.0,0.0,0
1.0,1.0,0.0,0.0,0.0,0.21,0.6,0.5,0.0,0
1.0,0.0,0.0,1.0,0.0,0.25,0.77,0.0,0.5,0
0.0,0.0,0.0,0.0,0.0,0.14,0.57,0.0,0.5,0
0.0,0.0,0.0,1.0,0.0,0.14,0.77,0.0,0.0,0
0.0,1.0,0.0,1.0,0.0,0.14,0.69,0.0,1.0,1
0.0,0.0,0.0,1.0,0.0,0.14,0.89,0.0,1.0,0
1.0,1.0,0.0,1.0,0.13,0.21,0.73,1.0,0.0,0
0.0,1.0,0.0,1.0,0.0,0.07,0.98,0.0,0.5,1
0.0,1.0,1.0,1.0,0.07,0.25,0.79,0.0,0.0,0
0.0,1.0,1.0,1.0,0.17,0.25,0.87,0.0,0.5,0
1.0,1.0,0.0,0.0,0.07,0.21,0.6,0.5,0.0,0
0.0,1.0,0.0,0.0,0.0,0.21,0.5,0.0,0.0,0
0.0,0.0,0.0,1.0,0.1,0.14,0.53,0.5,1.0,0
0.0,1.0,1.0,1.0,0.0,0.07,0.88,0.0,1.0,0
0.0,1.0,0.0,0.0,0.13,0.14,0.76,0.0,0.0,0
0.0,1.0,1.0,1.0,0.07,0.25,0.78,0.5,0.0,0
1.0,1.0,0.0,0.0,0.1,0.21,0.6,0.5,0.0,0
1.0,1.0,0.0,0.0,0.0,0.18,0.77,1.0,0.0,0
1.0,0.0,0.0,1.0,0.1,0.21,0.68,0.0,0.0,0
0.0,1.0,0.0,0.0,0.2,0.11,0.48,0.0,1.0,1
0.0,0.0,1.0,1.0,0.07,0.14,1.0,0.0,0.5,0
0.0,1.0,0.0,0.0,0.1,0.29,0.33,0.0,1.0,0
0.0,1.0,0.0,0.0,0.0,0.14,0.87,0.5,0.0,1
0.0,1.0,1.0,1.0,0.13,0.14,0.99,0.0,0.0,1
1.0,1.0,0.0,0.0,0.13,0.14,0.45,0.5,1.0,0
0.0,1.0,0.0,0.0,0.0,0.18,0.5,0.5,1.0,0
0.0,0.0,1.0,1.0,0.07,0.14,1.0,0.0,0.5,0
0.0,0.0,1.0,1.0,0.0,0.14,0.69,0.0,1.0,1
0.0,0.0,1.0,1.0,0.0,0.11,0.99,0.0,0.5,1
0.0,0.0,1.0,1.0,0.1,0.14,1.0,0.0,0.5,1
0.0,0.0,1.0,1.0,0.1,0.14,1.0,0.0,0.5,1
0.0,0.0,0.0,0.0,0.07,0.29,0.45,0.5,0.0,0
0.0,1.0,1.0,1.0,0.1,0.14,0.98,0.5,0.0,1
0.0,1.0,1.0,1.0,0.1,0.14,0.98,0.5,0.0,1
1.0,1.0,0.0,1.0,0.1,0.07,0.69,0.0,0.0,1
0.0,1.0,1.0,1.0,0.13,0.07,1.0,0.5,1.0,1
0.0,0.0,1.0,1.0,0.07,0.14,1.0,0.0,0.5,0
0.0,0.0,1.0,1.0,0.13,0.14,1.0,0.0,0.5,1
0.0,1.0,0.0,0.0,0.17,0.36,0.51,0.5,0.0,0
0.0,0.0,1.0,1.0,0.13,0.14,1.0,0.0,0.5,1
1.0,0.0,0.0,0.0,0.0,0.11,0.96,0.0,1.0,1
1.0,0.0,0.0,0.0,0.0,0.18,0.68,1.0,1.0,0
0.0,0.0,1.0,0.0,0.0,0.14,0.99,1.0,0.0,1
1.0,1.0,1.0,1.0,0.0,0.21,0.96,0.5,0.0,0
0.0,0.0,1.0,1.0,0.07,0.14,0.99,1.0,0.0,1
0.0,1.0,1.0,1.0,0.07,0.14,0.98,0.5,0.0,1
0.0,1.0,1.0,1.0,0.07,0.14,0.98,0.5,0.0,1
0.0,1.0,1.0,1.0,0.07,0.14,0.98,0.5,0.0,1
0.0,1.0,1.0,1.0,0.07,0.14,0.98,0.5,0.0,1
0.0,0.0,1.0,0.0,0.0,0.14,1.0,0.0,0.5,1
0.0,1.0,0.0,0.0,0.0,0.21,0.94,0.0,1.0,0
1.0,1.0,1.0,1.0,0.17,0.21,0.97,0.5,0.0,0
1.0,1.0,1.0,1.0,0.0,0.21,0.96,0.5,0.0,1
0.0,1.0,0.0,0.0,0.1,0.21,0.5,0.5,1.0,1
0.0,1.0,1.0,1.0,0.1,0.14,0.98,0.5,0.0,1
0.0,1.0,1.0,1.0,0.1,0.14,0.98,0.5,0.0,1
0.0,1.0,1.0,1.0,0.1,0.14,0.98,0.5,0.0,1
0.0,1.0,0.0,1.0,0.13,0.14,0.49,0.0,1.0,1
1.0,0.0,1.0,1.0,0.1,0.25,0.83,0.0,0.0,0
0.0,0.0,1.0,1.0,0.07,0.14,1.0,0.0,1.0,1
0.0,0.0,1.0,1.0,0.1,0.21,1.0,0.0,0.5,1
0.0,0.0,0.0,0.0,0.13,0.36,0.47,1.0,0.0,0
0.0,1.0,1.0,1.0,0.07,0.14,0.99,0.0,0.0,1
1.0,1.0,1.0,1.0,0.0,0.14,0.99,0.0,0.0,1
0.0,1.0,0.0,1.0,0.0,0.25,0.58,0.0,0.5,0
0.0,0.0,0.0,0.0,0.0,0.18,0.84,0.0,0.5,0
0.0,0.0,0.0,1.0,0.0,0.14,1.0,0.0,0.5,1
0.0,0.0,1.0,1.0,0.1,0.14,1.0,0.0,1.0,1
0.0,0.0,1.0,0.0,0.07,0.14,0.99,0.5,1.0,1
0.0,0.0,1.0,1.0,0.0,0.18,0.99,0.0,0.5,1
0.0,1.0,1.0,1.0,0.07,0.21,0.94,0.5,0.5,1
0.0,0.0,1.0,1.0,0.13,0.18,0.8,0.0,1.0,1
0.0,1.0,1.0,1.0,0.0,0.25,0.91,1.0,0.0,0
1.0,1.0,1.0,0.0,0.0,0.25,0.97,0.0,0.0,1
0.0,0.0,1.0,1.0,0.0,0.21,0.99,0.0,0.5,1
0.0,0.0,0.0,1.0,0.13,0.29,0.49,0.5,0.0,0
1.0,0.0,1.0,0.0,0.0,0.18,1.0,0.0,1.0,1
0.0,1.0,1.0,1.0,0.1,0.21,1.0,0.0,0.5,1
1.0,1.0,0.0,0.0,0.0,0.21,0.81,1.0,1.0,1
1.0,0.0,1.0,0.0,0.07,0.21,1.0,0.0,1.0,1
0.0,1.0,0.0,0.0,0.0,0.14,0.88,1.0,0.0,0
0.0,1.0,0.0,1.0,0.0,0.14,0.88,1.0,0.0,0
0.0,0.0,0.0,1.0,0.0,0.21,1.0,0.0,0.5,1
0.0,1.0,0.0,1.0,0.0,0.29,0.75,0.0,0.5,1
0.0,0.0,1.0,1.0,0.17,0.07,1.0,0.0,1.0,1
0.0,0.0,0.0,1.0,0.0,0.21,1.0,0.0,0.5,1
0.0,1.0,1.0,0.0,0.2,0.14,0.4,0.0,1.0,1
0.0,1.0,0.0,1.0,0.1,0.21,0.5,0.0,0.0,1
1.0,0.0,0.0,0.0,0.0,0.14,1.0,0.0,0.5,1
0.0,0.0,1.0,0.0,0.07,0.14,0.79,0.0,0.5,1
1.0,0.0,0.0,0.0,0.0,0.21,0.68,0.5,0.0,1
0.0,0.0,1.0,1.0,0.13,0.14,1.0,0.0,1.0,1
0.0,1.0,0.0,1.0,0.0,0.5,0.38,0.0,1.0,0
1.0,0.0,1.0,0.0,0.0,0.18,0.98,0.0,0.0,1
0.0,1.0,0.0,1.0,0.13,0.36,0.54,0.5,1.0,0
0.0,0.0,1.0,1.0,0.0,0.21,0.96,1.0,0.5,1
0.0,1.0,1.0,0.0,0.0,0.25,0.95,0.0,1.0,1
0.0,1.0,1.0,0.0,0.0,0.25,0.95,0.0,1.0,1
1.0,1.0,1.0,0.0,0.0,0.21,1.0,0.5,1.0,1
0.0,1.0,1.0,0.0,0.13,0.18,0.83,0.0,0.0,0
0.0,1.0,1.0,0.0,0.13,0.18,0.83,0.0,0.0,0
0.0,0.0,1.0,1.0,0.2,0.07,1.0,0.0,1.0,1
0.0,1.0,1.0,1.0,0.0,0.21,1.0,0.5,1.0,1
0.0,0.0,0.0,1.0,0.2,0.29,0.5,0.5,1.0,0
0.0,1.0,1.0,1.0,0.0,0.29,0.77,1.0,0.0,0
1.0,1.0,1.0,0.0,0.0,0.25,0.91,0.5,0.5,1
0.0,1.0,0.0,0.0,0.23,0.43,0.49,0.0,1.0,1
0.0,0.0,1.0,1.0,0.0,0.25,0.99,0.0,0.5,1
0.0,1.0,1.0,1.0,0.1,0.25,0.95,1.0,0.5,0
0.0,0.0,0.0,0.0,0.0,0.21,1.0,0.0,0.5,1
0.0,0.0,1.0,1.0,0.0,0.25,0.99,0.0,0.5,1
1.0,0.0,1.0,0.0,0.0,0.18,0.5,0.5,1.0,1
1.0,0.0,1.0,0.0,0.0,0.25,0.98,0.0,0.0,1
0.0,0.0,0.0,0.0,0.0,0.43,0.46,0.0,0.5,0
0.0,0.0,1.0,1.0,0.17,0.25,0.99,0.0,0.0,1
0.0,1.0,1.0,1.0,0.0,0.25,0.98,0.5,0.0,1
0.0,1.0,1.0,1.0,0.1,0.29,1.0,0.5,1.0,1
0.0,0.0,1.0,0.0,0.17,0.25,0.95,1.0,0.5,1
0.0,1.0,1.0,1.0,0.0,0.29,0.95,0.0,1.0,1
0.0,1.0,1.0,1.0,0.13,0.36,1.0,0.0,1.0,1
0.0,0.0,1.0,0.0,0.17,0.43,1.0,0.0,1.0,1
0.0,1.0,1.0,1.0,0.0,0.21,0.46,0.0,1.0,1
1.0,1.0,1.0,1.0,0.17,0.07,0.93,1.0,1.0,1
0.0,1.0,0.0,1.0,0.0,0.21,0.48,0.0,0.5,1
0.0,1.0,0.0,0.0,0.07,0.07,0.74,1.0,1.0,1
0.0,1.0,0.0,0.0,0.13,0.07,0.74,1.0,1.0,0
0.0,1.0,0.0,0.0,0.1,0.0,0.74,1.0,1.0,1
1.0,1.0,0.0,1.0,0.0,0.32,0.74,0.5,0.0,0
0.0,1.0,1.0,1.0,0.0,0.07,0.99,1.0,0.0,1
0.0,1.0,1.0,1.0,0.07,0.29,0.96,1.0,1.0,1
0.0,1.0,1.0,1.0,0.0,0.21,0.99,1.0,0.0,0
1.0,1.0,0.0,1.0,0.17,0.21,0.69,0.5,0.0,0
1.0,1.0,1.0,1.0,0.2,0.18,0.83,1.0,0.0,0
0.0,1.0,1.0,0.0,0.1,0.14,0.97,0.0,0.0,1
1.0,1.0,1.0,1.0,0.07,0.07,0.75,0.0,0.5,0
0.0,1.0,1.0,0.0,0.1,0.07,0.88,0.0,1.0,1
0.0,0.0,1.0,0.0,0.0,0.14,0.2,1.0,1.0,1
0.0,1.0,0.0,0.0,0.07,0.0,0.49,1.0,1.0,0
1.0,1.0,0.0,1.0,0.0,0.0,0.74,0.0,0.5,0
1.0,1.0,0.0,1.0,0.0,0.0,0.74,0.0,0.5,0
0.0,1.0,1.0,1.0,0.1,0.0,0.74,1.0,0.0,0
0.0,0.0,0.0,0.0,0.1,0.0,0.75,1.0,1.0,0
0.0,1.0,0.0,0.0,0.1,0.0,0.82,1.0,0.0,0
0.0,1.0,0.0,0.0,0.07,0.07,0.82,0.0,1.0,0
0.0,1.0,0.0,0.0,0.07,0.07,0.82,0.0,1.0,0
0.0,1.0,0.0,0.0,0.0,0.07,0.75,1.0,0.0,0
0.0,1.0,0.0,1.0,0.07,0.0,0.7,1.0,0.0,0
0.0,1.0,1.0,1.0,0.13,0.0,0.87,1.0,0.0,0
0.0,1.0,1.0,0.0,0.13,0.07,0.68,0.0,1.0,0
0.0,1.0,0.0,0.0,0.0,0.0,0.78,1.0,0.0,0
0.0,1.0,0.0,0.0,0.07,0.0,0.78,1.0,0.0,0
0.0,1.0,1.0,1.0,0.13,0.0,0.78,0.5,0.5,0
0.0,1.0,1.0,1.0,0.23,0.0,0.72,0.0,0.5,0
1.0,1.0,1.0,0.0,0.0,1.0,0.99,1.0,1.0,0
0.0,1.0,0.0,1.0,0.0,0.07,0.87,0.0,0.0,0
1.0,0.0,1.0,0.0,0.0,0.04,0.99,1.0,1.0,0
0.0,1.0,0.0,0.0,0.0,0.14,0.73,0.0,1.0,0
0.0,1.0,0.0,1.0,0.1,0.07,0.69,0.0,0.0,0
0.0,1.0,0.0,1.0,0.1,0.0,0.67,0.5,0.0,0
0.0,1.0,0.0,1.0,0.1,0.11,0.78,1.0,1.0,0
0.0,0.0,0.0,0.0,0.0,0.07,0.74,0.0,0.0,0
0.0,1.0,1.0,1.0,0.4,0.0,0.78,0.0,0.0,1
0.0,1.0,0.0,1.0,0.1,0.07,0.69,0.0,0.0,0
0.0,1.0,0.0,1.0,0.0,0.11,0.71,1.0,0.0,0
0.0,0.0,0.0,1.0,0.07,0.07,0.7,0.0,1.0,0
0.0,1.0,0.0,1.0,0.1,0.14,0.7,0.5,0.0,0
0.0,1.0,0.0,1.0,0.13,0.11,0.74,0.5,0.0,0
0.0,1.0,0.0,1.0,0.0,0.14,0.71,0.5,0.5,0
0.0,0.0,0.0,0.0,0.17,0.07,0.68,0.5,0.0,0
0.0,1.0,0.0,1.0,0.0,0.07,0.72,1.0,0.0,0
0.0,0.0,0.0,1.0,0.2,0.14,0.68,1.0,0.0,0
0.0,0.0,0.0,1.0,0.07,0.07,0.46,1.0,0.0,0
0.0,0.0,0.0,1.0,0.07,0.07,0.46,1.0,0.0,0
0.0,1.0,0.0,1.0,0.13,0.07,0.74,0.5,0.0,0
0.0,1.0,0.0,1.0,0.0,0.07,0.67,0.5,0.0,0
0.0,1.0,0.0,1.0,0.13,0.18,0.78,1.0,1.0,0
0.0,1.0,0.0,1.0,0.07,0.07,0.78,1.0,0.0,0
0.0,1.0,0.0,1.0,0.0,0.14,0.7,0.5,0.0,0
1.0,1.0,0.0,1.0,0.07,0.07,0.68,0.0,0.5,0
0.0,1.0,0.0,1.0,0.1,0.11,0.72,1.0,0.0,0
0.0,1.0,0.0,1.0,0.0,0.18,0.72,1.0,0.0,0
0.0,1.0,0.0,0.0,0.0,0.07,0.78,0.5,0.0,0
0.0,1.0,0.0,1.0,0.0,0.07,0.68,0.0,0.5,0
1.0,1.0,0.0,1.0,0.0,0.07,0.68,0.0,0.5,0
0.0,1.0,0.0,1.0,0.07,0.07,0.8,1.0,0.0,0
0.0,0.0,0.0,1.0,0.0,0.07,0.86,0.5,0.0,0
0.0,1.0,0.0,1.0,0.1,0.07,0.39,0.0,1.0,0
0.0,1.0,0.0,0.0,0.1,0.07,0.85,0.0,1.0,0
1.0,1.0,0.0,1.0,0.0,0.14,0.7,0.0,0.5,0
0.0,1.0,0.0,1.0,0.07,0.07,0.68,0.0,0.5,0
1.0,1.0,0.0,1.0,0.07,0.07,0.71,0.5,0.5,0
1.0,1.0,0.0,1.0,0.07,0.07,0.71,0.5,0.5,0
1.0,0.0,1.0,1.0,0.13,0.14,0.75,1.0,0.0,0
1.0,1.0,0.0,1.0,0.0,0.14,0.77,1.0,0.0,0
0.0,1.0,0.0,1.0,0.1,0.14,0.68,0.0,0.5,0
1.0,1.0,0.0,1.0,0.1,0.14,0.72,0.5,0.5,0
0.0,0.0,0.0,0.0,0.0,0.04,0.73,0.0,0.5,0
0.0,1.0,0.0,1.0,0.07,0.14,0.75,1.0,0.0,0
0.0,0.0,0.0,0.0,0.13,0.07,0.71,0.0,1.0,0
0.0,1.0,0.0,0.0,0.07,0.14,0.54,0.5,0.5,0
0.0,1.0,0.0,1.0,0.07,0.14,0.71,1.0,0.0,0
0.0,1.0,0.0,1.0,0.0,0.14,0.73,1.0,0.0,0
0.0,1.0,0.0,1.0,0.0,0.07,0.69,1.0,0.0,0
0.0,1.0,0.0,1.0,0.0,0.14,0.68,1.0,1.0,0
0.0,1.0,0.0,1.0,0.0,0.14,0.68,1.0,1.0,0
0.0,1.0,0.0,1.0,0.0,0.14,0.69,0.5,0.5,0
1.0,1.0,0.0,1.0,0.07,0.14,0.75,1.0,0.0,0
0.0,0.0,0.0,0.0,0.13,0.07,0.46,1.0,0.0,0
0.0,1.0,0.0,1.0,0.07,0.07,0.68,0.0,0.5,0
0.0,1.0,0.0,1.0,0.13,0.14,0.71,0.0,0.5,0
0.0,1.0,1.0,1.0,0.13,0.14,0.71,1.0,0.0,0
0.0,1.0,0.0,1.0,0.13,0.14,0.67,0.5,0.0,0
1.0,1.0,0.0,1.0,0.07,0.14,0.68,0.0,0.5,0
0.0,0.0,0.0,0.0,0.17,0.14,0.71,1.0,1.0,0
0.0,1.0,0.0,1.0,0.13,0.07,0.69,0.0,1.0,0
1.0,1.0,0.0,1.0,0.1,0.14,0.54,0.5,0.5,0
0.0,1.0,0.0,1.0,0.07,0.07,0.74,1.0,0.0,0
0.0,1.0,0.0,0.0,0.1,0.07,0.7,1.0,1.0,1
0.0,1.0,0.0,1.0,0.0,0.0,0.75,1.0,1.0,0
0.0,1.0,0.0,1.0,0.13,0.18,0.71,0.0,0.5,0
1.0,1.0,0.0,1.0,0.0,0.14,0.78,1.0,0.0,0
1.0,0.0,0.0,1.0,0.07,0.14,0.7,0.5,0.0,0
1.0,0.0,0.0,0.0,0.0,0.07,0.87,0.0,0.5,0
0.0,1.0,0.0,1.0,0.1,0.14,0.8,1.0,0.0,0
0.0,1.0,0.0,1.0,0.1,0.18,0.73,1.0,0.0,0
1.0,1.0,0.0,1.0,0.13,0.14,0.71,0.5,0.5,0
0.0,1.0,1.0,1.0,0.07,0.21,0.81,1.0,0.0,0
0.0,1.0,0.0,1.0,0.07,0.14,0.88,1.0,0.0,0
0.0,1.0,0.0,1.0,0.0,0.07,0.71,1.0,0.0,0
1.0,1.0,0.0,1.0,0.0,0.07,0.71,1.0,0.0,0
0.0,1.0,1.0,0.0,0.07,0.04,0.8,0.0,1.0,0
0.0,1.0,1.0,1.0,0.0,0.14,0.71,0.5,0.0,0
0.0,0.0,0.0,1.0,0.1,0.07,0.58,1.0,1.0,1
0.0,1.0,0.0,1.0,0.0,0.29,0.76,1.0,0.0,0
0.0,1.0,0.0,1.0,0.13,0.07,0.62,0.0,0.5,1
0.0,1.0,0.0,1.0,0.0,0.07,0.73,0.0,0.0,0
0.0,1.0,0.0,1.0,0.1,0.29,0.81,0.0,0.5,0
0.0,1.0,0.0,0.0,0.1,0.29,0.81,0.0,0.5,0
0.0,1.0,0.0,1.0,0.07,0.14,0.69,1.0,1.0,0
1.0,1.0,0.0,1.0,0.07,0.21,0.75,1.0,0.0,0
0.0,1.0,0.0,0.0,0.07,0.21,0.49,1.0,0.0,0
0.0,1.0,0.0,0.0,0.0,0.14,0.81,0.5,0.5,0
0.0,1.0,0.0,0.0,0.17,0.14,0.48,1.0,0.0,0
0.0,1.0,0.0,1.0,0.17,0.07,0.71,1.0,1.0,0
0.0,0.0,0.0,1.0,0.13,0.21,0.77,0.5,0.0,0
1.0,1.0,0.0,1.0,0.0,0.14,0.71,1.0,0.0,0
1.0,1.0,0.0,1.0,0.0,0.14,0.54,0.5,0.5,0
0.0,1.0,0.0,0.0,0.0,0.29,0.54,1.0,0.0,0
0.0,0.0,0.0,0.0,0.0,0.14,0.74,0.0,0.5,0
0.0,0.0,0.0,0.0,0.0,0.14,0.74,0.0,0.5,0
1.0,1.0,0.0,0.0,0.0,0.07,0.76,0.5,0.0,0
0.0,1.0,0.0,0.0,0.17,0.07,0.62,0.0,0.5,1
0.0,1.0,1.0,0.0,0.0,0.07,0.99,1.0,0.0,1
0.0,0.0,1.0,1.0,0.23,0.07,0.77,0.0,1.0,1
0.0,1.0,1.0,1.0,0.13,0.11,0.71,0.0,0.0,0
0.0,1.0,1.0,1.0,0.0,0.07,0.99,1.0,0.0,1
1.0,1.0,0.0,1.0,0.07,0.14,0.69,1.0,1.0,0
0.0,0.0,0.0,0.0,0.07,0.07,0.7,1.0,0.0,0
1.0,1.0,1.0,1.0,0.0,0.21,0.72,0.5,0.0,0
0.0,1.0,1.0,1.0,0.07,0.14,0.88,0.0,1.0,0
0.0,1.0,1.0,1.0,0.0,0.14,0.81,0.0,0.5,0
0.0,1.0,1.0,0.0,0.0,0.07,0.99,1.0,0.0,1
0.0,1.0,1.0,0.0,0.0,0.14,0.99,1.0,0.0,0
0.0,1.0,0.0,1.0,0.0,0.14,0.73,0.0,0.0,0
0.0,1.0,1.0,1.0,0.0,0.14,0.99,1.0,0.0,0
0.0,1.0,1.0,1.0,0.0,0.14,0.99,1.0,0.0,0
0.0,1.0,0.0,0.0,0.0,0.14,0.83,1.0,0.0,0
1.0,0.0,1.0,0.0,0.0,0.07,0.87,1.0,0.0,0
0.0,0.0,0.0,1.0,0.07,0.21,0.46,1.0,0.0,0
0.0,1.0,0.0,1.0,0.07,0.29,0.77,0.0,0.5,0
0.0,1.0,0.0,1.0,0.13,0.43,0.77,0.0,0.5,0
0.0,1.0,1.0,1.0,0.13,0.14,0.86,0.0,0.5,0
0.0,1.0,1.0,1.0,0.13,0.14,0.86,0.0,0.5,0
0.0,1.0,0.0,1.0,0.0,0.07,0.73,0.0,0.0,0
0.0,1.0,0.0,1.0,0.0,0.07,0.73,0.0,0.0,0
0.0,0.0,0.0,1.0,0.0,0.18,0.8,0.5,0.0,0
0.0,1.0,1.0,1.0,0.0,0.21,0.99,1.0,0.0,0
0.0,1.0,1.0,0.0,0.17,0.21,0.8,0.0,1.0,0
0.0,1.0,0.0,1.0,0.0,0.29,0.8,1.0,0.0,0
0.0,1.0,1.0,0.0,0.0,0.14,0.99,0.0,0.0,0
0.0,0.0,0.0,1.0,0.0,0.14,0.83,0.0,1.0,1
0.0,1.0,1.0,0.0,0.0,0.14,0.99,1.0,0.0,1
0.0,1.0,1.0,0.0,0.0,0.14,0.99,1.0,0.0,1
0.0,1.0,1.0,0.0,0.0,0.14,0.99,0.5,0.0,0
0.0,1.0,0.0,1.0,0.0,0.29,0.98,1.0,0.0,0
0.0,1.0,0.0,1.0,0.1,0.21,0.75,0.5,0.5,0
0.0,0.0,0.0,1.0,0.07,0.21,0.74,0.5,0.0,0
1.0,1.0,1.0,1.0,0.0,0.14,0.97,0.0,0.5,1
0.0,1.0,0.0,0.0,0.1,0.14,0.87,0.0,0.5,0
1.0,1.0,0.0,1.0,0.0,0.25,0.79,0.0,0.0,0
0.0,1.0,0.0,0.0,0.17,0.14,0.67,0.0,1.0,1
0.0,1.0,0.0,1.0,0.1,0.25,0.88,0.0,0.5,0
0.0,1.0,0.0,0.0,0.0,0.29,0.89,1.0,0.0,0
1.0,1.0,0.0,0.0,0.0,0.07,0.67,0.5,0.0,0
0.0,1.0,0.0,1.0,0.13,0.29,0.74,0.0,0.5,0
0.0,1.0,1.0,1.0,0.07,0.21,0.75,0.5,0.0,0
0.0,1.0,1.0,1.0,0.0,0.14,0.99,1.0,0.0,1
0.0,1.0,1.0,0.0,0.0,0.21,0.99,1.0,0.0,1
1.0,1.0,0.0,0.0,0.0,0.21,0.95,1.0,0.0,0
1.0,1.0,1.0,1.0,0.1,0.11,0.97,0.0,0.5,1
0.0,1.0,1.0,1.0,0.0,0.14,0.99,1.0,0.0,1
1.0,1.0,1.0,0.0,0.0,0.14,0.92,0.0,0.5,1
0.0,1.0,1.0,0.0,0.07,0.18,0.8,1.0,1.0,0
0.0,0.0,0.0,1.0,0.17,0.29,0.58,0.0,1.0,0
0.0,0.0,0.0,1.0,0.13,0.21,0.58,0.0,1.0,0
0.0,0.0,0.0,1.0,0.13,0.21,0.58,0.0,1.0,0
0.0,0.0,0.0,1.0,0.17,0.29,0.58,0.0,1.0,0
0.0,0.0,0.0,1.0,0.1,0.21,0.58,0.0,1.0,0
0.0,0.0,0.0,1.0,0.1,0.21,0.58,0.0,1.0,0
0.0,1.0,0.0,0.0,0.0,0.25,0.68,1.0,1.0,0
1.0,1.0,1.0,0.0,0.0,0.14,0.99,0.5,0.0,0
1.0,1.0,0.0,1.0,0.07,0.36,0.75,0.5,0.0,0
1.0,1.0,1.0,0.0,0.0,0.14,0.99,0.5,0.0,0
0.0,1.0,1.0,1.0,0.07,0.14,0.99,0.5,0.5,1
0.0,1.0,0.0,1.0,0.0,0.14,1.0,0.5,0.5,0
0.0,1.0,1.0,0.0,0.07,0.14,0.72,0.5,0.0,1
0.0,0.0,1.0,1.0,0.1,0.07,0.96,0.0,0.5,1
0.0,0.0,1.0,0.0,0.0,0.14,0.79,0.5,0.0,1
0.0,1.0,1.0,1.0,0.0,0.14,0.82,0.0,0.5,1
0.0,0.0,0.0,1.0,0.1,0.21,0.58,0.0,1.0,0
0.0,1.0,1.0,1.0,0.0,0.14,0.99,1.0,0.0,1
0.0,1.0,1.0,1.0,0.1,0.21,0.4,0.0,1.0,1
0.0,0.0,1.0,1.0,0.17,0.07,0.95,0.0,0.5,1
0.0,1.0,1.0,0.0,0.17,0.0,0.97,1.0,1.0,1
0.0,1.0,1.0,0.0,0.1,0.14,0.81,1.0,1.0,1
0.0,1.0,1.0,1.0,0.0,0.36,0.5,0.0,1.0,0
0.0,1.0,1.0,0.0,0.0,0.29,0.99,1.0,1.0,1
0.0,1.0,1.0,0.0,0.0,0.29,0.99,1.0,1.0,1
0.0,1.0,1.0,0.0,0.0,0.29,0.99,1.0,1.0,1
0.0,1.0,1.0,1.0,0.17,0.21,0.99,1.0,1.0,1
0.0,1.0,1.0,1.0,0.17,0.21,0.99,1.0,1.0,1
0.0,1.0,1.0,1.0,0.17,0.21,0.99,1.0,1.0,1
1.0,1.0,1.0,0.0,0.0,0.14,0.99,0.0,0.5,1
0.0,1.0,1.0,0.0,0.07,0.29,0.99,1.0,1.0,1
0.0,1.0,1.0,0.0,0.07,0.29,0.99,1.0,1.0,1
0.0,1.0,1.0,0.0,0.13,0.29,0.99,1.0,1.0,1
0.0,1.0,1.0,0.0,0.1,0.29,0.99,1.0,1.0,1
0.0,1.0,1.0,0.0,0.13,0.29,0.99,1.0,1.0,1
0.0,1.0,1.0,0.0,0.1,0.29,0.99,1.0,1.0,1
1.0,1.0,1.0,0.0,0.07,0.21,0.99,0.0,0.5,1
0.0,1.0,1.0,0.0,0.13,0.14,0.96,0.0,0.5,1
0.0,1.0,0.0,1.0,0.0,0.14,0.46,0.0,0.5,1
1.0,1.0,1.0,0.0,0.07,0.21,0.99,0.0,0.5,1
1.0,1.0,1.0,0.0,0.0,0.21,0.99,0.0,0.5,1
1.0,1.0,1.0,0.0,0.1,0.21,0.99,0.0,0.5,1
0.0,1.0,1.0,0.0,0.17,0.14,0.97,1.0,1.0,1
1.0,1.0,1.0,0.0,0.0,0.36,0.99,0.0,0.5,1
1.0,1.0,1.0,1.0,0.0,0.21,0.99,1.0,1.0,1
1.0,1.0,1.0,1.0,0.0,0.21,0.99,1.0,1.0,1
1.0,1.0,1.0,0.0,0.0,0.36,0.97,1.0,1.0,1
1.0,1.0,1.0,0.0,0.0,0.29,0.54,0.0,0.5,1
1.0,1.0,1.0,1.0,0.0,0.29,0.99,1.0,1.0,1
1.0,1.0,1.0,1.0,0.0,0.21,0.99,1.0,1.0,1
1.0,1.0,1.0,1.0,0.0,0.36,0.99,1.0,1.0,1
1.0,1.0,1.0,1.0,0.0,0.29,0.99,1.0,1.0,1
1.0,1.0,1.0,1.0,0.17,0.29,0.94,0.0,0.5,1
0.0,1.0,1.0,0.0,0.0,0.29,0.94,0.0,0.5,1
0.0,1.0,1.0,1.0,0.0,0.21,0.73,0.0,0.0,0
0.0,0.0,0.0,1.0,0.0,0.07,0.79,0.0,0.0,0
1.0,1.0,1.0,0.0,0.0,1.0,0.99,0.0,0.0,0
1.0,1.0,1.0,1.0,0.07,0.21,0.98,1.0,0.0,0
1.0,1.0,1.0,1.0,0.07,0.21,0.98,1.0,0.0,0
1.0,1.0,0.0,1.0,0.0,0.25,0.87,0.0,0.0,1
0.0,0.0,1.0,0.0,0.0,0.0,0.99,0.0,1.0,1
1.0,1.0,0.0,0.0,0.17,0.07,0.45,0.5,1.0,1
0.0,1.0,0.0,1.0,0.13,0.14,0.67,0.0,0.0,1
1.0,1.0,1.0,0.0,0.1,0.14,0.96,0.0,0.0,1
0.0,1.0,0.0,1.0,0.0,0.14,0.69,0.0,0.0,0
1.0,1.0,1.0,1.0,0.0,0.07,0.98,0.0,0.0,1
1.0,1.0,1.0,1.0,0.0,0.07,0.98,0.0,0.0,1
1.0,1.0,1.0,1.0,0.0,0.07,0.98,0.0,0.0,1
1.0,1.0,1.0,1.0,0.0,0.07,0.98,0.0,0.0,1
1.0,1.0,1.0,1.0,0.0,0.21,0.98,0.0,0.0,1
0.0,1.0,1.0,1.0,0.17,0.07,0.76,0.0,0.0,0
1.0,1.0,0.0,1.0,0.17,0.14,0.67,0.0,0.0,1
0.0,0.0,1.0,1.0,0.13,0.07,0.99,0.0,0.0,1
0.0,0.0,1.0,1.0,0.67,0.07,0.99,0.0,0.0,1
0.0,1.0,1.0,1.0,0.7,0.07,0.99,0.0,0.0,1
0.0,0.0,1.0,1.0,0.83,0.07,0.99,0.0,0.0,1
0.0,1.0,1.0,1.0,0.23,0.0,0.77,0.0,0.5,0
1.0,1.0,0.0,0.0,0.17,0.21,0.45,0.5,1.0,1
1.0,1.0,1.0,0.0,0.0,0.18,0.97,0.5,1.0,1
1.0,1.0,0.0,0.0,0.1,0.14,0.57,0.0,0.0,0
1.0,1.0,1.0,0.0,0.1,0.07,0.99,0.0,1.0,1
0.0,1.0,1.0,0.0,0.2,0.07,0.69,0.0,0.0,1
1.0,1.0,1.0,0.0,0.1,0.21,0.96,0.0,1.0,1
1.0,0.0,1.0,1.0,0.0,0.14,0.96,0.0,0.0,1
1.0,1.0,0.0,1.0,0.07,0.14,0.46,0.0,0.0,1
0.0,1.0,1.0,1.0,0.1,0.14,0.83,0.0,0.5,1
0.0,1.0,1.0,1.0,0.1,0.14,0.91,0.5,0.0,1
0.0,1.0,0.0,0.0,0.07,0.14,0.57,0.0,1.0,1
0.0,1.0,1.0,1.0,0.17,0.14,0.92,0.5,0.0,0
0.0,1.0,1.0,1.0,0.1,0.14,0.8,0.0,0.0,1
0.0,1.0,1.0,1.0,0.13,0.29,0.91,0.0,1.0,1
0.0,1.0,1.0,0.0,0.27,0.21,0.88,0.0,1.0,1
0.0,1.0,1.0,1.0,0.07,0.14,0.91,0.5,0.0,1
0.0,1.0,0.0,1.0,0.13,0.21,0.47,0.0,0.0,1
0.0,1.0,1.0,1.0,0.0,0.14,0.98,0.0,0.0,1
1.0,1.0,1.0,1.0,0.97,0.14,0.97,0.0,0.0,1
0.0,1.0,1.0,1.0,0.0,0.5,0.9,0.0,1.0,1
0.0,0.0,1.0,1.0,0.0,0.07,0.75,0.0,1.0,0
0.0,0.0,1.0,1.0,0.17,0.14,0.93,0.0,1.0,1
1.0,1.0,1.0,0.0,0.0,0.21,0.99,0.0,1.0,1
1.0,0.0,1.0,1.0,0.1,0.07,0.98,0.0,1.0,1
0.0,1.0,1.0,1.0,0.0,0.07,0.98,0.0,0.0,1
0.0,1.0,1.0,1.0,0.77,0.07,0.99,0.0,0.0,1
0.0,1.0,1.0,0.0,0.0,0.14,0.98,0.0,0.5,1
1.0,1.0,1.0,0.0,0.0,0.07,0.99,0.0,1.0,1
1.0,1.0,1.0,1.0,0.17,0.14,0.99,0.0,1.0,1
1.0,1.0,1.0,1.0,0.0,0.14,0.98,0.0,0.0,1
0.0,0.0,1.0,1.0,0.83,0.07,0.99,0.0,0.0,1
0.0,0.0,1.0,1.0,0.93,0.14,0.99,0.0,0.0,1
0.0,1.0,1.0,1.0,0.23,0.07,0.99,0.0,0.0,1
0.0,1.0,1.0,1.0,0.07,0.14,0.99,0.0,0.0,1
0.0,1.0,1.0,1.0,0.23,0.14,0.99,0.0,0.0,1
1.0,1.0,1.0,0.0,0.07,0.07,0.86,0.0,0.0,0
0.0,0.0,1.0,1.0,0.0,0.14,0.89,0.0,0.0,1
0.0,0.0,1.0,1.0,0.1,0.07,0.99,1.0,0.0,0
1.0,1.0,0.0,1.0,0.0,0.21,0.69,0.0,0.0,1
1.0,1.0,0.0,0.0,0.0,0.18,0.81,0.0,1.0,0
0.0,0.0,1.0,1.0,0.07,0.0,0.83,0.0,1.0,0
0.0,1.0,1.0,1.0,0.33,0.04,0.76,1.0,0.0,0
0.0,1.0,0.0,1.0,0.0,0.0,0.79,0.0,0.0,0
0.0,1.0,1.0,0.0,0.17,0.0,0.81,0.0,0.0,0
0.0,1.0,1.0,1.0,0.17,0.0,0.73,1.0,1.0,0
0.0,0.0,1.0,0.0,0.07,0.0,0.77,0.0,0.0,0
0.0,1.0,1.0,0.0,0.07,0.07,0.78,0.0,0.5,0
1.0,0.0,1.0,0.0,0.1,0.0,0.99,0.5,0.0,1
0.0,1.0,0.0,0.0,0.07,0.07,0.78,0.0,0.5,0
0.0,0.0,0.0,1.0,0.2,0.07,0.75,1.0,0.0,0
0.0,1.0,0.0,1.0,0.1,0.07,0.68,0.5,0.0,0
0.0,0.0,1.0,1.0,0.3,0.0,0.73,0.0,1.0,0
0.0,1.0,1.0,0.0,0.07,0.0,0.71,0.0,0.0,1
0.0,1.0,1.0,1.0,0.0,0.07,0.85,0.0,0.0,0
0.0,1.0,1.0,0.0,0.27,0.07,0.77,1.0,0.0,0
0.0,0.0,0.0,1.0,0.07,0.0,0.99,0.0,0.0,1
0.0,1.0,0.0,0.0,0.13,0.07,0.9,0.0,0.0,0
0.0,0.0,0.0,0.0,0.2,0.14,0.78,1.0,0.0,0
0.0,0.0,1.0,0.0,0.37,0.07,0.77,0.5,0.0,0
1.0,0.0,1.0,0.0,0.23,0.0,0.99,0.5,0.0,1
0.0,1.0,0.0,0.0,0.07,0.14,0.69,1.0,0.0,0
0.0,1.0,1.0,1.0,0.23,0.07,0.76,1.0,0.0,0
1.0,0.0,1.0,1.0,0.0,0.07,0.96,1.0,1.0,0
0.0,1.0,1.0,0.0,0.23,0.0,0.96,0.0,1.0,1
1.0,0.0,1.0,0.0,0.0,0.0,0.96,1.0,0.0,1
0.0,0.0,1.0,1.0,0.0,0.07,0.87,1.0,0.0,0
0.0,1.0,1.0,1.0,0.27,0.07,0.75,1.0,0.0,0
0.0,1.0,0.0,0.0,0.1,0.07,0.58,0.0,0.5,0
0.0,1.0,0.0,1.0,0.0,0.07,0.76,0.5,0.0,1
0.0,1.0,1.0,1.0,0.47,0.14,0.73,0.0,1.0,0
0.0,1.0,1.0,1.0,0.2,0.21,0.78,1.0,0.0,0
0.0,1.0,0.0,1.0,0.13,0.07,0.71,0.0,0.0,0
0.0,1.0,1.0,0.0,0.0,0.11,0.75,1.0,0.0,0
0.0,0.0,0.0,1.0,0.0,0.07,0.69,0.0,0.5,0
0.0,1.0,0.0,1.0,0.17,0.11,0.74,0.0,0.0,0
0.0,1.0,1.0,0.0,0.0,0.0,1.0,0.5,0.0,1
1.0,1.0,0.0,0.0,0.17,0.07,0.69,0.0,0.0,0
0.0,1.0,1.0,1.0,0.0,0.21,0.73,1.0,0.0,0
0.0,1.0,0.0,1.0,0.1,0.0,0.69,0.0,0.0,1
0.0,1.0,1.0,1.0,0.0,0.07,0.99,0.0,0.0,1
1.0,1.0,0.0,0.0,0.17,0.07,0.45,0.5,1.0,0
0.0,0.0,1.0,1.0,0.0,0.0,0.99,0.0,0.0,1
0.0,1.0,0.0,0.0,0.0,0.07,0.88,1.0,0.0,0
0.0,1.0,0.0,1.0,0.0,0.14,0.78,0.5,0.0,0
0.0,1.0,0.0,1.0,0.0,0.14,0.78,0.5,0.0,0
0.0,1.0,0.0,1.0,0.0,0.14,0.78,0.5,0.0,0
1.0,1.0,0.0,0.0,0.13,0.07,0.45,0.5,1.0,0
0.0,0.0,1.0,1.0,0.0,0.0,0.99,0.0,0.0,1
0.0,0.0,1.0,1.0,0.0,0.0,0.99,0.0,0.0,1
0.0,1.0,1.0,1.0,0.1,0.14,0.73,1.0,0.0,0
0.0,1.0,0.0,1.0,0.2,0.14,0.73,1.0,0.0,0
1.0,1.0,0.0,1.0,0.0,0.14,0.68,1.0,0.0,0
0.0,1.0,0.0,1.0,0.23,0.14,0.73,1.0,0.0,0
0.0,0.0,1.0,1.0,0.0,0.0,0.99,0.0,0.0,1
0.0,1.0,1.0,1.0,0.2,0.07,0.8,1.0,0.0,0
0.0,1.0,0.0,1.0,0.1,0.14,0.71,1.0,0.0,0
0.0,0.0,1.0,1.0,0.0,0.0,0.99,0.0,0.0,1
0.0,1.0,0.0,1.0,0.0,0.14,0.68,0.0,0.0,0
0.0,1.0,0.0,1.0,0.1,0.07,0.71,1.0,0.0,0
0.0,1.0,0.0,1.0,0.07,0.25,0.71,1.0,0.0,0
0.0,1.0,1.0,1.0,0.1,0.07,0.77,0.0,0.5,0
0.0,1.0,1.0,1.0,0.1,0.07,0.77,0.0,0.5,0
1.0,1.0,1.0,1.0,0.13,0.0,0.8,0.0,1.0,1
0.0,1.0,1.0,1.0,0.2,0.07,0.77,0.0,0.5,0
0.0,1.0,1.0,1.0,0.23,0.07,0.91,0.5,1.0,1
0.0,1.0,1.0,1.0,0.1,0.07,0.91,0.0,1.0,0
1.0,1.0,0.0,0.0,0.17,0.21,0.45,0.0,0.0,0
1.0,1.0,0.0,0.0,0.0,0.07,0.69,0.0,0.0,0
0.0,1.0,0.0,1.0,0.07,0.14,0.76,1.0,0.0,0
0.0,1.0,0.0,0.0,0.1,0.07,0.8,0.0,0.0,0
0.0,1.0,0.0,0.0,0.13,0.07,0.68,1.0,0.0,1
0.0,1.0,1.0,0.0,0.1,0.07,0.87,0.5,0.0,1
0.0,0.0,1.0,0.0,0.0,0.0,0.99,0.0,1.0,1
0.0,0.0,0.0,1.0,0.0,0.18,0.75,1.0,0.0,0
1.0,1.0,1.0,1.0,0.57,0.14,0.76,0.0,0.0,0
0.0,1.0,0.0,1.0,0.1,0.14,0.72,1.0,0.0,0
0.0,0.0,1.0,1.0,0.0,0.0,0.99,0.0,0.0,1
0.0,1.0,0.0,1.0,0.1,0.14,0.71,1.0,0.0,0
1.0,1.0,1.0,0.0,0.0,0.07,0.92,0.5,0.0,0
0.0,0.0,1.0,1.0,0.0,0.0,0.99,0.0,0.0,1
0.0,0.0,1.0,0.0,0.0,0.0,0.99,0.0,1.0,1
0.0,0.0,1.0,0.0,0.0,0.0,0.99,0.0,1.0,1
0.0,1.0,1.0,1.0,0.07,0.07,0.67,0.5,0.5,1
0.0,0.0,1.0,1.0,0.0,0.0,0.99,0.0,0.0,1
0.0,1.0,0.0,1.0,0.1,0.14,0.88,0.0,0.0,0
1.0,1.0,1.0,1.0,0.1,0.07,0.9,0.0,0.0,1
0.0,1.0,1.0,1.0,0.07,0.14,0.75,0.0,1.0,0
0.0,0.0,1.0,1.0,0.0,0.21,0.77,0.0,0.0,0
0.0,1.0,0.0,1.0,0.1,0.14,0.77,1.0,0.0,0
0.0,1.0,1.0,1.0,0.07,0.14,0.75,0.0,1.0,0
0.0,1.0,0.0,1.0,0.1,0.14,0.69,1.0,0.0,0
1.0,1.0,0.0,0.0,0.0,0.0,0.89,0.5,0.5,1
1.0,1.0,1.0,1.0,0.1,0.0,0.99,0.0,1.0,1
0.0,0.0,1.0,0.0,0.0,0.0,0.99,0.0,1.0,1
0.0,1.0,0.0,1.0,0.1,0.07,0.71,0.0,0.5,0
0.0,1.0,1.0,0.0,0.0,0.07,1.0,0.5,0.0,1
1.0,0.0,0.0,0.0,0.0,0.14,0.46,0.0,0.0,0
0.0,1.0,0.0,1.0,0.13,0.36,0.71,1.0,0.0,0
1.0,1.0,0.0,0.0,0.13,0.14,0.71,0.0,0.0,0
1.0,1.0,1.0,1.0,0.1,0.07,0.99,1.0,0.0,1
1.0,1.0,1.0,1.0,0.07,0.07,0.99,1.0,0.0,1
0.0,0.0,1.0,1.0,0.17,0.18,0.77,0.5,0.0,0
0.0,1.0,0.0,1.0,0.0,0.21,0.73,1.0,0.0,0
0.0,0.0,1.0,0.0,0.0,0.0,0.99,0.0,1.0,1
0.0,1.0,0.0,1.0,0.0,0.07,0.69,0.0,0.0,1
0.0,1.0,0.0,1.0,0.0,0.14,0.85,1.0,0.0,0
1.0,1.0,1.0,1.0,0.0,0.07,0.95,0.0,0.0,1
0.0,1.0,1.0,0.0,0.0,0.07,0.94,0.0,0.5,1
0.0,1.0,0.0,1.0,0.07,0.14,0.72,1.0,0.0,0
0.0,1.0,1.0,0.0,0.07,0.07,1.0,0.5,0.0,1
0.0,1.0,1.0,1.0,0.2,0.21,0.76,0.0,0.0,0
0.0,0.0,1.0,1.0,0.2,0.14,0.76,0.5,0.0,0
0.0,1.0,1.0,1.0,0.33,0.21,0.77,0.0,0.0,0
0.0,0.0,0.0,1.0,0.0,0.14,0.8,1.0,0.0,0
0.0,1.0,1.0,1.0,0.0,0.14,0.75,1.0,0.0,0
0.0,1.0,0.0,1.0,0.13,0.07,0.49,0.5,1.0,1
0.0,1.0,1.0,0.0,0.0,0.0,1.0,0.5,0.0,1
0.0,1.0,0.0,1.0,0.13,0.14,0.85,0.5,0.0,0
0.0,1.0,0.0,1.0,0.17,0.07,0.71,0.5,0.0,1
1.0,1.0,1.0,1.0,0.17,0.07,0.99,1.0,0.0,1
1.0,1.0,1.0,1.0,0.17,0.07,0.99,1.0,0.0,1
0.0,1.0,0.0,1.0,0.13,0.07,0.67,0.5,0.5,1
1.0,1.0,1.0,1.0,0.0,0.07,0.99,1.0,0.0,1
1.0,1.0,1.0,1.0,0.1,0.07,0.99,1.0,0.0,1
0.0,1.0,0.0,0.0,0.0,0.14,0.47,0.0,1.0,1
0.0,1.0,1.0,1.0,0.13,0.14,0.84,0.0,0.0,0
0.0,1.0,1.0,1.0,0.07,0.07,1.0,0.5,0.0,1
0.0,1.0,1.0,1.0,0.07,0.14,0.75,0.0,0.0,1
0.0,1.0,0.0,1.0,0.0,0.14,0.4,1.0,0.0,0
1.0,1.0,0.0,1.0,0.0,0.14,0.75,0.0,0.0,1
0.0,1.0,1.0,1.0,0.33,0.18,0.76,0.0,1.0,0
0.0,1.0,0.0,0.0,0.33,0.14,0.76,0.0,1.0,0
0.0,1.0,0.0,1.0,0.17,0.14,0.45,0.0,1.0,1
1.0,0.0,0.0,0.0,0.0,0.07,1.0,1.0,0.0,1
1.0,1.0,0.0,0.0,0.0,0.14,0.69,0.0,0.0,1
0.0,1.0,1.0,1.0,0.0,0.14,0.99,0.0,0.0,1
1.0,1.0,1.0,1.0,0.17,0.07,0.99,1.0,0.0,1
0.0,1.0,1.0,0.0,0.0,0.07,1.0,0.5,0.0,1
0.0,0.0,1.0,1.0,0.0,0.14,0.97,0.0,0.0,1
0.0,0.0,1.0,0.0,0.0,0.07,0.99,0.0,0.0,1
0.0,1.0,0.0,0.0,0.07,0.14,0.74,1.0,0.0,1
0.0,1.0,0.0,1.0,0.13,0.14,0.9,0.0,1.0,0
0.0,1.0,1.0,1.0,0.07,0.14,0.75,0.0,0.0,1
0.0,1.0,1.0,1.0,0.23,0.14,0.7,0.5,0.0,1
1.0,1.0,1.0,1.0,0.07,0.07,0.99,0.0,1.0,1
1.0,1.0,0.0,1.0,0.13,0.14,0.57,0.0,0.0,0
0.0,1.0,0.0,0.0,0.2,0.14,0.42,0.0,1.0,1
1.0,1.0,1.0,1.0,0.07,0.07,0.99,0.0,1.0,1
0.0,0.0,1.0,1.0,0.0,0.07,0.99,0.0,0.0,1
1.0,0.0,0.0,0.0,0.0,0.14,0.98,0.5,0.0,0
0.0,0.0,0.0,0.0,0.0,0.14,0.45,0.0,1.0,0
0.0,1.0,1.0,0.0,0.0,0.07,1.0,0.5,0.0,1
0.0,1.0,0.0,1.0,0.1,0.07,0.99,1.0,0.0,1
0.0,0.0,0.0,1.0,0.1,0.29,0.99,1.0,0.0,0
0.0,0.0,0.0,1.0,0.1,0.14,0.99,1.0,0.0,0
1.0,1.0,1.0,1.0,0.07,0.14,0.97,1.0,0.0,1
1.0,1.0,1.0,1.0,0.0,0.21,0.95,0.0,0.0,0
0.0,1.0,0.0,0.0,0.0,0.21,0.95,0.0,0.0,0
0.0,0.0,1.0,0.0,0.0,0.07,0.97,1.0,0.0,1
0.0,0.0,1.0,1.0,0.0,0.07,0.99,0.0,0.0,1
0.0,1.0,1.0,1.0,0.07,0.14,1.0,0.5,0.0,1
1.0,1.0,1.0,1.0,0.13,0.07,0.99,0.0,1.0,1
0.0,1.0,1.0,1.0,0.0,0.07,1.0,0.5,0.0,1
0.0,0.0,1.0,1.0,0.0,0.07,0.99,0.0,0.0,1
1.0,1.0,0.0,1.0,0.0,0.21,0.93,0.5,0.0,1
0.0,1.0,1.0,1.0,0.13,0.14,0.93,0.0,0.0,1
0.0,1.0,1.0,0.0,0.0,0.07,1.0,0.5,0.0,1
0.0,1.0,0.0,1.0,0.0,0.14,0.87,0.0,0.0,0
1.0,1.0,1.0,0.0,0.0,0.18,0.97,0.0,0.0,0
0.0,1.0,1.0,1.0,0.0,0.07,1.0,0.5,0.0,1
0.0,1.0,1.0,0.0,0.0,0.14,1.0,0.5,0.0,1
0.0,0.0,0.0,1.0,0.1,0.07,0.4,0.5,1.0,1
0.0,1.0,1.0,1.0,0.0,0.07,1.0,0.5,0.0,1
1.0,1.0,0.0,0.0,0.0,0.14,0.89,0.0,0.0,1
0.0,0.0,1.0,1.0,0.0,0.07,0.99,0.0,1.0,1
0.0,1.0,1.0,1.0,0.4,0.21,0.79,0.0,0.5,0
0.0,0.0,0.0,0.0,0.0,0.14,0.99,0.5,0.0,1
0.0,1.0,1.0,1.0,0.07,0.07,0.95,0.0,1.0,1
0.0,0.0,0.0,0.0,0.0,0.11,0.45,0.0,1.0,1
0.0,1.0,1.0,1.0,0.0,0.14,0.96,0.0,0.0,1
0.0,0.0,1.0,0.0,0.0,0.07,0.99,0.0,0.0,1
0.0,0.0,1.0,1.0,0.0,0.07,0.99,0.0,1.0,1
1.0,1.0,1.0,1.0,0.1,0.21,0.92,0.5,0.0,0
0.0,0.0,0.0,1.0,0.13,0.14,1.0,1.0,0.0,1
1.0,0.0,1.0,1.0,0.13,0.14,0.98,0.0,1.0,1
0.0,0.0,1.0,1.0,0.0,0.21,0.92,0.5,0.0,0
0.0,1.0,0.0,1.0,0.07,0.14,0.45,0.0,0.5,1
0.0,0.0,1.0,1.0,0.0,0.07,0.99,0.0,1.0,1
1.0,0.0,1.0,0.0,0.17,0.14,0.94,0.0,0.0,1
1.0,1.0,1.0,0.0,0.17,0.14,0.95,0.0,0.0,1
0.0,1.0,1.0,1.0,0.1,0.21,0.77,0.0,0.5,0
0.0,0.0,1.0,1.0,0.0,0.07,0.99,0.0,1.0,1
0.0,1.0,1.0,0.0,0.07,0.11,0.99,0.5,0.0,1
1.0,1.0,1.0,1.0,0.13,0.07,0.99,0.0,1.0,1
1.0,0.0,1.0,1.0,0.13,0.14,0.98,0.0,1.0,1
0.0,1.0,0.0,0.0,0.07,0.14,0.96,0.0,1.0,1
1.0,1.0,1.0,0.0,0.27,0.07,0.94,0.5,0.0,1
0.0,1.0,1.0,1.0,0.23,0.07,0.96,0.0,1.0,1
0.0,0.0,1.0,1.0,0.8,0.07,0.99,0.0,0.0,1
0.0,1.0,1.0,1.0,0.07,0.21,0.92,0.0,1.0,1
0.0,1.0,1.0,1.0,0.0,0.14,0.96,0.0,1.0,1
0.0,1.0,1.0,1.0,0.17,0.14,0.94,0.0,0.0,1
0.0,1.0,1.0,1.0,0.17,0.11,0.94,0.5,0.0,1
0.0,1.0,1.0,0.0,0.1,0.14,1.0,0.5,0.0,1
0.0,1.0,1.0,1.0,0.1,0.14,0.92,0.0,0.0,1
0.0,1.0,0.0,1.0,0.13,0.21,0.85,1.0,1.0,0
0.0,1.0,1.0,1.0,0.0,0.21,0.91,1.0,0.0,1
1.0,1.0,1.0,1.0,0.13,0.14,0.99,0.0,1.0,1
0.0,0.0,1.0,1.0,0.0,0.07,0.99,0.0,0.0,1
1.0,0.0,0.0,1.0,0.1,0.21,1.0,1.0,0.0,0
0.0,0.0,1.0,1.0,0.73,0.07,0.99,0.0,0.0,1
0.0,1.0,0.0,1.0,0.07,0.14,0.99,0.0,0.0,1
0.0,1.0,1.0,0.0,0.0,0.07,1.0,0.5,0.0,1
0.0,0.0,0.0,1.0,0.07,0.21,1.0,1.0,0.0,0
0.0,1.0,1.0,1.0,0.07,0.14,0.96,0.5,0.0,1
0.0,0.0,1.0,1.0,0.0,0.14,0.99,0.0,1.0,1
0.0,1.0,0.0,1.0,0.1,0.18,0.88,0.5,0.0,0
0.0,1.0,0.0,1.0,0.0,0.14,0.99,0.0,0.0,1
0.0,1.0,1.0,1.0,0.0,0.07,1.0,0.5,0.0,1
1.0,1.0,1.0,1.0,0.1,0.21,0.99,0.0,1.0,1
0.0,1.0,1.0,0.0,0.0,0.07,1.0,0.5,0.0,1
1.0,1.0,1.0,1.0,0.3,0.07,0.99,0.5,0.0,1
1.0,0.0,1.0,0.0,0.0,0.14,0.99,0.0,0.0,1
1.0,1.0,1.0,0.0,0.0,0.14,0.97,0.5,0.0,0
0.0,1.0,1.0,1.0,0.0,0.07,1.0,0.5,0.0,1
0.0,1.0,1.0,1.0,0.0,0.07,1.0,0.5,0.0,1
1.0,1.0,0.0,1.0,0.0,0.14,0.45,0.0,1.0,1
0.0,1.0,0.0,0.0,0.0,0.21,0.45,0.0,1.0,1
0.0,1.0,0.0,0.0,0.0,0.14,0.45,0.0,1.0,1
1.0,1.0,0.0,0.0,0.07,0.21,0.72,0.0,0.0,1
0.0,0.0,1.0,0.0,0.0,0.14,0.99,0.0,0.0,1
0.0,1.0,1.0,0.0,0.0,0.07,1.0,0.5,0.0,1
1.0,0.0,1.0,1.0,0.13,0.14,0.98,0.0,1.0,1
0.0,1.0,1.0,1.0,0.1,0.21,0.96,0.0,0.0,1
0.0,1.0,0.0,0.0,0.13,0.14,0.7,0.0,0.5,1
0.0,1.0,1.0,1.0,0.17,0.14,0.6,0.0,0.0,1
0.0,0.0,1.0,0.0,0.0,0.14,0.99,0.0,0.0,1
0.0,1.0,0.0,1.0,0.0,0.21,0.9,0.5,0.0,1
1.0,0.0,1.0,1.0,0.17,0.14,0.98,0.0,1.0,1
0.0,1.0,1.0,0.0,0.07,0.14,0.92,0.0,0.0,1
1.0,1.0,1.0,0.0,0.0,0.14,0.96,0.0,0.0,1
0.0,1.0,1.0,1.0,0.17,0.11,0.96,0.0,0.0,1
1.0,0.0,1.0,1.0,0.2,0.14,0.98,0.0,1.0,1
0.0,0.0,1.0,1.0,0.0,0.14,0.99,0.0,0.0,1
0.0,1.0,1.0,0.0,0.13,0.18,0.97,0.0,1.0,1
0.0,1.0,1.0,0.0,0.13,0.21,0.93,0.0,1.0,1
1.0,1.0,1.0,1.0,0.13,0.21,0.97,0.0,1.0,1
0.0,1.0,0.0,1.0,0.17,0.14,0.97,0.0,0.0,1
0.0,1.0,1.0,1.0,0.2,0.36,0.77,0.0,0.0,0
1.0,1.0,1.0,1.0,0.1,0.11,0.95,0.0,0.0,1
0.0,1.0,1.0,1.0,0.07,0.14,0.96,0.0,1.0,1
1.0,0.0,0.0,0.0,0.0,0.07,0.49,1.0,0.0,0
0.0,1.0,1.0,1.0,0.13,0.21,0.95,0.0,1.0,1
1.0,0.0,1.0,0.0,0.0,0.14,0.99,0.0,0.0,1
1.0,0.0,1.0,1.0,0.27,0.14,0.98,0.0,1.0,1
0.0,0.0,1.0,1.0,0.0,0.07,0.98,0.0,0.0,1
0.0,1.0,1.0,1.0,0.23,0.21,0.53,0.5,1.0,1
0.0,0.0,1.0,0.0,0.0,0.21,0.99,0.0,0.0,1
0.0,0.0,1.0,1.0,0.1,0.21,0.96,0.0,0.0,1
0.0,1.0,0.0,0.0,0.13,0.29,0.36,0.0,0.0,1
0.0,1.0,0.0,1.0,0.13,0.57,0.51,0.0,1.0,0
0.0,0.0,1.0,0.0,0.13,0.21,0.99,1.0,0.0,0
1.0,1.0,0.0,1.0,0.0,0.21,0.99,0.0,0.0,1
0.0,0.0,1.0,1.0,0.0,0.14,0.99,0.0,0.0,1
0.0,0.0,1.0,0.0,0.0,0.21,0.99,0.0,0.0,1
0.0,1.0,0.0,0.0,0.17,0.29,0.49,0.5,0.0,1
0.0,0.0,1.0,1.0,0.0,0.21,0.76,0.5,1.0,1
1.0,1.0,1.0,1.0,0.1,0.21,0.95,0.5,0.0,1
0.0,1.0,1.0,1.0,0.23,0.14,0.92,0.0,0.0,1
0.0,1.0,1.0,1.0,0.0,0.14,0.98,0.0,0.0,1
0.0,0.0,1.0,1.0,0.0,0.21,0.97,0.5,0.0,1
0.0,1.0,1.0,0.0,0.27,0.14,0.99,0.0,0.0,1
1.0,0.0,1.0,1.0,0.1,0.21,0.98,0.0,0.0,1
1.0,0.0,1.0,1.0,0.0,0.14,0.96,0.0,1.0,1
0.0,0.0,1.0,1.0,0.0,0.21,0.99,0.0,0.0,1
0.0,0.0,1.0,1.0,0.0,0.21,0.99,0.0,0.0,1
0.0,1.0,1.0,1.0,0.53,0.21,0.98,0.0,0.0,1
1.0,0.0,1.0,1.0,0.13,0.14,0.98,0.0,0.0,1
1.0,1.0,1.0,1.0,0.93,0.21,0.98,0.0,0.0,1
0.0,1.0,0.0,1.0,0.13,0.21,0.87,0.5,1.0,1
0.0,0.0,1.0,1.0,0.0,0.14,0.99,0.0,0.0,1
0.0,1.0,1.0,1.0,0.0,0.21,0.98,0.0,0.0,1
1.0,0.0,1.0,1.0,0.23,0.14,0.98,0.0,1.0,1
0.0,1.0,1.0,0.0,0.13,0.29,0.96,0.5,0.0,1
0.0,0.0,1.0,1.0,0.07,0.29,0.96,0.5,0.5,1
1.0,0.0,1.0,1.0,0.2,0.21,0.98,0.0,1.0,1
1.0,1.0,1.0,0.0,0.0,0.21,0.98,0.0,0.5,1
0.0,1.0,0.0,0.0,0.17,0.36,0.46,0.0,0.0,1
1.0,0.0,0.0,1.0,0.0,0.36,0.83,0.0,0.5,1
0.0,0.0,1.0,1.0,0.0,0.29,0.99,0.0,0.0,1
0.0,1.0,0.0,1.0,0.07,0.36,0.45,0.0,0.0,1
0.0,0.0,1.0,1.0,0.17,0.29,0.98,0.0,1.0,1
0.0,0.0,1.0,1.0,0.93,0.21,0.99,0.0,0.0,1
1.0,1.0,1.0,1.0,0.0,0.14,0.98,0.0,0.0,1
0.0,1.0,0.0,1.0,0.07,0.14,0.92,0.0,0.5,1
0.0,0.0,1.0,0.0,0.4,0.14,1.0,0.5,0.5,1
0.0,1.0,0.0,0.0,0.07,0.36,0.7,0.5,0.0,0
1.0,1.0,1.0,1.0,0.0,0.29,0.76,0.0,0.5,1
0.0,1.0,1.0,1.0,0.1,0.07,0.99,1.0,0.0,1
0.0,0.0,0.0,0.0,0.0,0.14,0.62,0.0,0.5,1
1.0,0.0,0.0,0.0,0.0,0.14,0.94,0.0,0.5,1
0.0,0.0,0.0,0.0,0.0,0.29,0.54,0.0,0.0,1
0.0,1.0,1.0,1.0,0.0,0.07,0.99,1.0,0.0,0
0.0,0.0,1.0,0.0,0.0,0.14,0.99,0.5,0.0,0
0.0,1.0,0.0,0.0,0.0,0.14,0.99,0.5,0.0,1
1.0,1.0,1.0,1.0,0.0,0.07,0.99,0.5,1.0,1
0.0,1.0,1.0,0.0,0.07,0.14,0.99,0.0,1.0,1
0.0,1.0,1.0,0.0,0.07,0.14,0.99,0.0,1.0,1
0.0,0.0,1.0,0.0,0.63,0.21,1.0,0.5,0.5,1
1.0,1.0,1.0,1.0,0.0,0.14,0.99,0.5,1.0,1
1.0,1.0,1.0,1.0,0.1,0.14,0.99,0.5,1.0,1
0.0,1.0,1.0,0.0,0.0,0.14,0.99,0.0,0.5,1
1.0,1.0,1.0,0.0,0.1,0.21,0.94,0.0,0.5,1
0.0,0.0,0.0,1.0,0.17,0.07,0.72,0.0,1.0,1
1.0,1.0,1.0,1.0,0.0,0.14,0.99,0.5,1.0,1
0.0,1.0,1.0,0.0,0.0,0.21,0.99,0.0,0.5,1
0.0,0.0,1.0,0.0,0.0,0.21,0.9,0.5,1.0,1
0.0,1.0,0.0,1.0,0.1,0.11,0.78,0.5,0.0,0
0.0,0.0,1.0,1.0,0.17,0.21,0.99,0.0,1.0,1
0.0,1.0,1.0,1.0,0.0,0.36,0.99,0.0,0.5,1
0.0,1.0,1.0,1.0,0.0,0.43,0.99,0.0,0.5,1
0.0,1.0,0.0,1.0,0.07,0.14,0.79,0.0,0.5,1
1.0,1.0,0.0,1.0,0.0,0.29,0.49,0.0,1.0,1
0.0,0.0,0.0,0.0,0.13,0.14,0.91,0.0,1.0,1
0.0,1.0,0.0,1.0,0.0,0.0,0.74,1.0,0.0,1
0.0,1.0,0.0,1.0,0.0,0.0,0.74,1.0,0.0,1
0.0,1.0,1.0,1.0,0.0,0.14,1.0,0.5,0.0,0
0.0,1.0,1.0,1.0,0.0,0.21,1.0,0.5,0.0,0
0.0,1.0,0.0,0.0,0.1,0.0,0.72,0.0,0.5,0
0.0,0.0,1.0,0.0,1.0,0.71,0.77,0.5,1.0,1
0.0,0.0,0.0,1.0,0.13,0.11,0.44,0.5,0.5,1
0.0,0.0,0.0,0.0,0.17,0.07,0.98,0.0,0.0,1
0.0,0.0,0.0,1.0,0.13,0.29,0.98,0.0,0.5,0
0.0,1.0,1.0,1.0,0.1,0.29,0.99,1.0,0.0,1
0.0,0.0,0.0,1.0,0.0,0.14,0.99,1.0,0.0,0
1.0,1.0,0.0,1.0,0.0,0.07,0.69,0.5,0.5,0
0.0,1.0,1.0,0.0,0.2,0.21,0.99,1.0,1.0,1
0.0,1.0,0.0,0.0,0.1,0.14,0.99,0.5,0.0,0
0.0,1.0,1.0,0.0,0.07,0.29,0.99,0.0,1.0,1
0.0,1.0,0.0,0.0,0.0,0.14,0.68,0.5,1.0,0
0.0,0.0,0.0,1.0,0.13,0.21,0.51,0.0,1.0,1
0.0,0.0,0.0,1.0,0.0,0.07,0.78,0.0,0.0,0
0.0,1.0,1.0,1.0,0.1,0.43,0.54,0.0,0.5,1
0.0,1.0,1.0,0.0,0.07,0.29,0.99,0.0,1.0,1
0.0,1.0,1.0,1.0,0.0,0.07,0.99,0.0,0.5,0
1.0,0.0,0.0,0.0,0.0,0.43,0.46,0.0,1.0,1
0.0,1.0,1.0,1.0,0.47,0.04,0.76,0.0,0.5,1
1.0,1.0,0.0,1.0,0.1,0.43,0.8,0.0,0.5,0
1.0,1.0,1.0,0.0,0.13,0.07,0.94,0.0,1.0,1
0.0,0.0,1.0,1.0,0.37,0.0,0.75,0.0,1.0,1
0.0,1.0,1.0,1.0,0.13,0.14,0.77,0.5,0.0,0
1.0,1.0,0.0,1.0,0.1,0.36,0.74,0.0,0.0,0
1.0,1.0,0.0,0.0,0.0,0.29,0.96,0.5,1.0,1
1.0,1.0,0.0,1.0,0.07,0.07,0.77,1.0,0.0,0
1.0,1.0,1.0,1.0,0.2,0.14,0.76,1.0,0.0,0
0.0,1.0,0.0,1.0,0.13,0.11,0.75,0.5,0.0,0
1.0,1.0,0.0,0.0,0.0,0.07,0.54,0.5,1.0,1
0.0,1.0,1.0,1.0,0.07,0.07,0.89,0.0,0.0,0
0.0,1.0,1.0,1.0,0.07,0.21,0.49,0.0,1.0,1
0.0,1.0,0.0,1.0,0.13,0.11,0.67,0.5,1.0,0
0.0,1.0,0.0,1.0,0.13,0.14,0.78,0.5,0.0,0
1.0,1.0,0.0,1.0,0.1,0.14,0.71,1.0,0.5,1
0.0,1.0,0.0,1.0,0.0,0.14,0.77,0.5,0.0,0
0.0,1.0,1.0,0.0,0.17,0.07,0.78,0.5,0.0,0
1.0,1.0,0.0,1.0,0.13,0.14,0.76,0.5,0.0,0
1.0,1.0,1.0,0.0,0.1,0.07,0.99,0.0,0.5,1
1.0,1.0,1.0,0.0,0.0,0.18,0.99,0.0,0.5,1
1.0,1.0,1.0,0.0,0.1,0.21,0.99,0.0,0.5,1
0.0,0.0,0.0,1.0,0.07,0.07,0.69,0.5,0.0,0
1.0,0.0,0.0,0.0,0.0,0.14,0.99,0.5,1.0,1
0.0,1.0,0.0,1.0,0.1,0.18,0.91,0.0,0.5,1
0.0,0.0,1.0,0.0,0.07,0.14,0.82,0.5,0.5,0
1.0,1.0,1.0,1.0,0.1,0.07,0.99,0.5,1.0,1
1.0,0.0,0.0,1.0,0.0,0.14,0.75,0.0,0.0,0
0.0,0.0,1.0,1.0,0.27,0.0,0.75,0.0,1.0,1
1.0,1.0,1.0,1.0,0.07,0.07,0.73,0.5,1.0,1
1.0,1.0,0.0,0.0,0.0,0.18,0.75,0.5,0.0,0
0.0,0.0,1.0,1.0,0.37,0.0,0.76,1.0,1.0,1
1.0,1.0,1.0,0.0,0.0,0.25,0.93,1.0,0.5,0
0.0,0.0,0.0,0.0,0.0,0.07,0.55,0.0,1.0,1
0.0,1.0,0.0,1.0,0.1,0.07,0.79,0.5,0.0,0
1.0,0.0,0.0,0.0,0.0,0.14,0.9,0.0,0.0,0
1.0,1.0,0.0,0.0,0.0,0.0,0.5,1.0,0.5,0
0.0,1.0,1.0,1.0,0.0,0.0,0.88,0.5,0.0,0
1.0,1.0,0.0,0.0,0.0,0.0,0.69,1.0,0.5,0
0.0,0.0,0.0,1.0,0.1,0.0,0.75,0.0,0.5,0
0.0,1.0,1.0,1.0,0.23,0.0,0.85,0.5,0.0,0
0.0,1.0,1.0,0.0,0.1,0.0,0.73,0.0,0.5,0
0.0,1.0,0.0,0.0,0.0,0.0,0.69,1.0,0.5,0
0.0,1.0,0.0,1.0,0.07,0.0,0.77,0.5,0.0,0
0.0,1.0,0.0,0.0,0.07,0.04,0.45,1.0,1.0,0
0.0,1.0,0.0,0.0,0.07,0.0,0.77,0.0,1.0,0
0.0,1.0,0.0,0.0,0.0,0.0,0.77,1.0,0.0,0
0.0,0.0,1.0,0.0,0.0,0.0,0.73,1.0,0.0,0
0.0,1.0,1.0,0.0,0.0,0.04,0.73,0.0,0.5,0
0.0,0.0,0.0,1.0,0.13,0.04,0.75,0.0,0.5,0
0.0,1.0,1.0,1.0,0.13,0.0,0.77,0.0,0.5,0
0.0,0.0,0.0,0.0,0.13,0.0,0.83,0.0,0.5,0
0.0,1.0,0.0,1.0,0.07,0.0,0.77,0.0,0.0,0
0.0,1.0,1.0,0.0,0.07,0.04,0.73,0.0,0.5,0
0.0,1.0,0.0,0.0,0.07,0.11,0.72,0.0,0.5,0
0.0,1.0,0.0,1.0,0.0,0.07,0.67,0.5,0.5,0
0.0,0.0,0.0,1.0,0.0,0.04,0.79,0.5,0.0,0
0.0,0.0,0.0,1.0,0.0,0.04,0.79,0.5,0.0,0
1.0,1.0,1.0,1.0,0.1,0.07,0.68,1.0,0.0,0
0.0,1.0,0.0,1.0,0.0,0.07,0.67,0.5,0.5,0
0.0,1.0,0.0,0.0,0.0,0.07,0.67,0.5,0.5,0
1.0,1.0,0.0,0.0,0.0,0.0,0.75,0.5,0.0,0
1.0,1.0,0.0,1.0,0.0,0.0,0.77,0.5,1.0,0
0.0,0.0,1.0,0.0,0.27,0.0,0.74,0.5,1.0,0
0.0,1.0,0.0,0.0,0.0,0.04,0.77,1.0,0.5,0
0.0,1.0,0.0,1.0,0.0,0.0,0.77,0.0,0.0,1
0.0,1.0,0.0,0.0,0.0,0.04,0.77,1.0,0.5,0
0.0,1.0,0.0,0.0,0.0,0.0,0.78,0.5,0.0,0
0.0,1.0,1.0,0.0,0.23,0.0,0.77,0.0,0.5,0
0.0,0.0,0.0,1.0,0.1,0.0,0.8,0.0,0.5,1
0.0,0.0,0.0,0.0,0.17,0.07,0.7,1.0,0.5,0
0.0,0.0,0.0,1.0,0.1,0.0,0.8,0.0,0.5,1
0.0,1.0,0.0,1.0,0.07,0.07,0.7,1.0,0.0,0
1.0,1.0,0.0,0.0,0.0,0.04,0.77,1.0,0.0,0
0.0,1.0,1.0,1.0,0.13,0.04,0.99,1.0,0.0,1
0.0,0.0,1.0,1.0,0.1,0.07,0.76,1.0,0.0,0
0.0,1.0,0.0,0.0,0.1,0.07,0.76,1.0,0.0,0
0.0,0.0,1.0,0.0,0.17,0.04,0.75,0.0,1.0,0
0.0,1.0,0.0,0.0,0.07,0.07,0.77,1.0,0.5,0
0.0,1.0,1.0,0.0,0.2,0.07,0.73,0.0,0.5,0
1.0,1.0,0.0,0.0,0.0,0.0,0.73,1.0,0.0,0
0.0,1.0,0.0,1.0,0.07,0.0,0.76,0.0,0.0,0
0.0,1.0,1.0,1.0,0.0,0.07,0.71,1.0,0.0,0
0.0,0.0,0.0,0.0,0.1,0.04,0.7,0.0,0.5,0
0.0,0.0,0.0,1.0,0.1,0.04,0.7,0.0,0.5,0
0.0,1.0,1.0,1.0,0.0,0.0,0.76,0.0,1.0,1
0.0,0.0,0.0,1.0,0.0,0.07,0.74,1.0,0.0,0
0.0,1.0,1.0,1.0,0.0,0.0,0.75,0.5,1.0,0
0.0,0.0,0.0,0.0,0.1,0.0,0.82,0.5,0.0,0
0.0,1.0,0.0,1.0,0.13,0.04,0.76,1.0,0.0,0
0.0,0.0,0.0,0.0,0.13,0.07,0.86,0.0,0.5,0
0.0,1.0,0.0,1.0,0.0,0.07,0.69,0.5,0.0,0
0.0,1.0,0.0,0.0,0.0,0.07,0.62,0.5,0.5,0
0.0,1.0,0.0,0.0,0.0,0.04,0.67,0.5,1.0,0
0.0,1.0,1.0,1.0,0.13,0.07,0.81,0.5,0.0,0
0.0,1.0,0.0,1.0,0.17,0.07,0.61,1.0,0.0,0
0.0,1.0,0.0,1.0,0.07,0.07,0.75,0.0,0.0,0
0.0,1.0,0.0,0.0,0.0,0.04,0.71,0.0,0.5,1
0.0,0.0,0.0,0.0,0.07,0.07,0.68,0.5,0.5,0
0.0,1.0,0.0,1.0,0.07,0.07,0.69,0.5,0.0,0
0.0,1.0,1.0,0.0,0.17,0.04,0.75,0.0,0.5,0
0.0,1.0,0.0,0.0,0.0,0.07,0.71,0.0,0.5,0
0.0,1.0,0.0,1.0,0.0,0.07,0.69,0.5,0.5,0
0.0,1.0,0.0,0.0,0.0,0.07,0.7,0.0,0.5,0
0.0,1.0,0.0,0.0,0.07,0.04,0.67,1.0,1.0,0
0.0,0.0,0.0,1.0,0.17,0.04,0.6,1.0,1.0,0
0.0,1.0,0.0,0.0,0.17,0.07,0.61,1.0,0.0,0
0.0,1.0,0.0,0.0,0.0,0.07,0.67,0.5,0.5,0
0.0,1.0,0.0,0.0,0.17,0.07,0.71,1.0,0.5,0
0.0,0.0,1.0,1.0,0.07,0.0,0.77,1.0,0.0,1
0.0,0.0,0.0,0.0,0.0,0.11,0.74,0.0,0.0,0
0.0,1.0,0.0,1.0,0.0,0.11,0.75,0.5,0.0,0
0.0,1.0,1.0,1.0,0.1,0.0,0.83,1.0,0.0,0
0.0,1.0,0.0,1.0,0.0,0.07,0.81,0.5,0.0,0
0.0,0.0,0.0,1.0,0.0,0.07,0.74,0.5,0.5,0
0.0,1.0,0.0,1.0,0.0,0.07,0.69,0.5,0.5,0
0.0,1.0,0.0,1.0,0.0,0.07,0.69,0.5,0.5,0
0.0,0.0,0.0,0.0,0.0,0.0,0.7,1.0,0.0,1
0.0,1.0,1.0,0.0,0.17,0.0,0.49,1.0,1.0,1
0.0,1.0,1.0,0.0,0.1,0.07,0.73,0.0,0.5,0
1.0,1.0,0.0,1.0,0.0,0.07,0.73,1.0,0.0,0
1.0,1.0,0.0,1.0,0.1,0.07,0.71,0.5,1.0,0
0.0,1.0,1.0,0.0,0.27,0.07,0.87,0.5,0.0,0
0.0,1.0,0.0,1.0,0.1,0.07,0.76,0.5,0.0,0
0.0,1.0,0.0,1.0,0.07,0.0,0.69,0.5,0.5,1
0.0,1.0,0.0,1.0,0.1,0.07,0.72,0.5,0.0,0
0.0,1.0,1.0,1.0,0.07,0.0,0.79,0.5,1.0,0
0.0,1.0,1.0,0.0,0.37,0.07,0.75,0.5,1.0,0
0.0,1.0,1.0,0.0,0.0,0.0,0.87,1.0,1.0,0
0.0,1.0,0.0,1.0,0.0,0.07,0.73,1.0,0.0,0
0.0,0.0,0.0,1.0,0.1,0.0,0.77,0.0,0.0,0
1.0,0.0,1.0,1.0,0.0,0.07,0.96,1.0,0.0,0
0.0,0.0,1.0,0.0,0.43,0.14,0.73,1.0,0.0,0
0.0,1.0,0.0,0.0,0.07,0.14,0.77,0.0,0.0,0
0.0,0.0,0.0,0.0,0.0,0.07,0.71,1.0,0.5,0
0.0,1.0,1.0,1.0,0.13,0.07,0.74,0.0,0.0,0
0.0,1.0,0.0,0.0,0.1,0.0,0.81,1.0,0.0,0
0.0,1.0,0.0,0.0,0.17,0.11,0.71,0.5,0.5,0
0.0,1.0,0.0,1.0,0.1,0.04,0.68,0.0,1.0,1
0.0,1.0,0.0,0.0,0.0,0.07,0.47,0.5,1.0,0
0.0,1.0,0.0,1.0,0.07,0.11,0.69,1.0,0.0,0
0.0,1.0,0.0,1.0,0.07,0.0,0.78,0.0,0.0,0
0.0,1.0,0.0,1.0,0.07,0.0,0.78,0.0,0.0,0
0.0,1.0,1.0,1.0,0.1,0.07,0.99,1.0,0.0,1
0.0,1.0,1.0,0.0,0.2,0.07,0.75,0.5,0.0,0
0.0,0.0,0.0,1.0,0.0,0.07,0.77,0.0,0.0,0
0.0,0.0,0.0,1.0,0.0,0.07,0.77,0.0,0.0,0
0.0,0.0,0.0,1.0,0.13,0.07,0.67,0.5,1.0,1
0.0,0.0,0.0,1.0,0.07,0.04,0.86,0.0,0.0,0
0.0,0.0,1.0,1.0,0.07,0.07,0.77,0.0,0.0,0
0.0,1.0,0.0,1.0,0.0,0.07,0.69,0.5,0.5,0
0.0,1.0,1.0,1.0,0.07,0.07,0.99,1.0,0.0,1
0.0,1.0,1.0,1.0,0.1,0.07,0.99,1.0,0.0,1
0.0,1.0,1.0,1.0,0.0,0.07,0.99,1.0,0.0,1
0.0,0.0,1.0,0.0,0.07,0.0,0.99,1.0,1.0,1
0.0,0.0,0.0,1.0,0.0,0.07,0.75,0.0,0.0,0
1.0,1.0,0.0,0.0,0.0,0.07,0.82,1.0,0.0,0
1.0,0.0,1.0,1.0,0.07,0.0,0.69,0.0,0.5,1
0.0,1.0,1.0,0.0,0.07,0.0,0.78,0.5,0.5,1
0.0,1.0,0.0,1.0,0.0,0.07,0.74,0.5,0.0,0
0.0,0.0,0.0,1.0,0.0,0.07,0.68,0.5,1.0,0
0.0,1.0,0.0,1.0,0.17,0.07,0.81,0.5,0.0,0
0.0,1.0,1.0,1.0,0.1,0.07,0.99,1.0,0.0,1
1.0,0.0,1.0,1.0,0.1,0.0,0.69,0.0,0.5,1
1.0,0.0,1.0,1.0,0.1,0.0,0.69,0.0,0.5,1
1.0,1.0,1.0,0.0,0.0,0.07,0.87,0.5,0.0,0
0.0,1.0,1.0,1.0,0.1,0.07,0.87,0.5,1.0,0
0.0,0.0,0.0,0.0,0.0,0.04,0.99,0.0,0.0,0
0.0,1.0,1.0,1.0,0.0,0.07,0.99,1.0,0.0,1
0.0,1.0,0.0,1.0,0.1,0.07,0.68,0.0,1.0,0
0.0,0.0,0.0,1.0,0.07,0.07,0.76,0.0,0.5,0
0.0,0.0,0.0,0.0,0.0,0.04,0.99,0.0,0.0,0
1.0,0.0,1.0,1.0,0.07,0.0,0.69,0.0,0.5,1
0.0,0.0,0.0,1.0,0.17,0.14,0.86,1.0,0.5,0
0.0,0.0,1.0,1.0,0.2,0.07,0.73,1.0,0.0,0
0.0,0.0,0.0,0.0,0.1,0.07,0.67,1.0,1.0,0
0.0,0.0,0.0,1.0,0.13,0.07,0.7,0.5,1.0,1
0.0,1.0,0.0,1.0,0.0,0.11,0.75,0.0,0.5,0
0.0,1.0,0.0,1.0,0.0,0.11,0.68,1.0,0.5,0
1.0,1.0,0.0,1.0,0.0,0.07,0.75,0.0,0.0,0
0.0,1.0,0.0,1.0,0.0,0.14,0.71,0.5,0.0,0
0.0,0.0,1.0,1.0,0.3,0.07,0.74,0.5,1.0,0
0.0,0.0,0.0,0.0,0.0,0.07,0.79,0.5,0.0,0
0.0,1.0,0.0,1.0,0.0,0.07,0.74,0.0,0.5,0
0.0,0.0,1.0,0.0,0.0,0.0,0.99,1.0,1.0,1
0.0,1.0,1.0,1.0,0.1,0.11,0.76,0.5,0.0,0
0.0,0.0,0.0,1.0,0.1,0.0,0.99,1.0,0.0,1
1.0,1.0,0.0,0.0,0.0,0.14,0.85,0.0,0.5,0
0.0,1.0,1.0,1.0,0.17,0.0,0.99,0.5,1.0,1
0.0,1.0,0.0,1.0,0.07,0.14,0.75,0.0,0.0,0
1.0,0.0,1.0,1.0,0.07,0.0,0.69,0.0,0.5,1
1.0,0.0,1.0,1.0,0.1,0.0,0.69,0.0,0.5,1
0.0,0.0,1.0,0.0,0.17,0.0,0.99,1.0,1.0,1
0.0,1.0,0.0,0.0,0.0,0.11,0.45,0.0,1.0,0
0.0,1.0,0.0,0.0,0.0,0.11,0.45,0.0,1.0,0
0.0,1.0,0.0,0.0,0.0,0.14,0.67,0.5,0.5,0
0.0,0.0,0.0,0.0,0.07,0.07,0.45,1.0,1.0,1
0.0,1.0,0.0,0.0,0.1,0.07,0.86,0.5,0.5,0
0.0,1.0,0.0,1.0,0.0,0.07,0.76,0.0,0.5,0
0.0,0.0,0.0,0.0,0.13,0.07,0.99,0.0,0.0,0
0.0,1.0,0.0,1.0,0.0,0.14,0.7,0.5,0.0,0
0.0,0.0,0.0,0.0,0.2,0.07,0.67,0.5,1.0,1
0.0,1.0,0.0,1.0,0.07,0.11,0.73,0.5,0.0,0
0.0,1.0,0.0,0.0,0.07,0.07,0.68,0.5,1.0,1
0.0,1.0,0.0,0.0,0.0,0.14,0.58,0.5,0.0,0
0.0,1.0,1.0,0.0,0.1,0.0,1.0,0.5,1.0,1
0.0,0.0,0.0,0.0,0.0,0.07,0.45,0.0,1.0,0
1.0,1.0,0.0,1.0,0.07,0.14,0.79,0.5,0.0,0
1.0,1.0,0.0,1.0,0.1,0.07,0.79,0.5,0.0,0
0.0,1.0,0.0,1.0,0.13,0.07,0.67,1.0,0.0,0
0.0,0.0,0.0,1.0,0.17,0.11,0.69,0.5,1.0,0
1.0,1.0,0.0,0.0,0.1,0.14,0.57,0.5,0.5,0
0.0,0.0,0.0,0.0,0.0,0.14,0.68,0.5,0.5,0
0.0,1.0,0.0,0.0,0.0,0.07,0.45,0.5,1.0,0
0.0,1.0,0.0,1.0,0.13,0.14,0.74,1.0,0.0,0
0.0,0.0,0.0,1.0,0.43,0.04,0.76,1.0,1.0,1
0.0,0.0,1.0,0.0,0.0,0.07,1.0,1.0,0.0,0
0.0,1.0,1.0,1.0,0.07,0.07,1.0,1.0,0.0,0
0.0,0.0,1.0,0.0,0.0,0.07,0.99,0.0,0.0,0
0.0,1.0,0.0,1.0,0.0,0.14,0.7,1.0,0.0,0
0.0,1.0,1.0,1.0,0.0,0.07,0.99,0.5,0.0,0
0.0,1.0,0.0,1.0,0.0,0.07,0.77,1.0,1.0,1
0.0,1.0,0.0,1.0,0.0,0.14,0.77,0.5,0.0,0
0.0,1.0,0.0,0.0,0.13,0.07,0.82,0.5,0.0,0
0.0,0.0,1.0,0.0,0.07,0.07,1.0,1.0,0.0,1
0.0,1.0,1.0,1.0,0.0,0.07,0.89,1.0,0.0,0
0.0,1.0,0.0,1.0,0.0,0.07,0.68,0.5,1.0,0
0.0,0.0,0.0,1.0,0.1,0.0,0.71,0.5,1.0,1
0.0,0.0,0.0,1.0,0.1,0.0,0.71,0.5,1.0,1
0.0,1.0,1.0,0.0,0.0,0.0,1.0,0.5,1.0,1
0.0,1.0,0.0,0.0,0.0,0.14,0.99,0.5,0.0,1
0.0,1.0,0.0,1.0,0.0,0.14,0.79,0.5,0.5,0
0.0,0.0,0.0,1.0,0.0,0.21,0.73,1.0,0.0,0
0.0,1.0,0.0,0.0,0.0,0.11,0.76,0.5,0.0,0
0.0,1.0,0.0,1.0,0.0,0.07,0.99,1.0,0.0,1
0.0,1.0,0.0,1.0,0.0,0.07,0.99,1.0,0.0,1
0.0,1.0,0.0,0.0,0.07,0.21,0.71,0.0,0.5,0
0.0,0.0,0.0,0.0,0.0,0.07,0.87,1.0,1.0,1
0.0,1.0,0.0,1.0,0.1,0.11,0.74,0.0,0.0,0
0.0,1.0,0.0,1.0,0.0,0.07,0.79,0.0,0.5,0
0.0,1.0,0.0,1.0,0.0,0.14,0.73,0.0,0.0,0
0.0,0.0,0.0,1.0,0.17,0.04,0.85,1.0,0.0,0
0.0,1.0,0.0,1.0,0.1,0.11,0.71,1.0,0.0,0
0.0,1.0,0.0,1.0,0.0,0.14,0.9,0.5,0.0,0
0.0,1.0,0.0,1.0,0.0,0.14,0.78,0.0,0.0,0
0.0,1.0,0.0,1.0,0.0,0.14,0.74,0.5,0.5,0
0.0,1.0,0.0,0.0,0.0,0.14,0.75,1.0,0.0,0
0.0,1.0,0.0,1.0,0.0,0.07,0.99,1.0,0.0,1
0.0,0.0,0.0,1.0,0.13,0.07,0.45,0.0,1.0,1
0.0,0.0,1.0,0.0,0.0,0.07,1.0,1.0,0.0,0
1.0,1.0,1.0,1.0,0.07,0.07,0.96,1.0,0.0,0
0.0,0.0,1.0,0.0,0.07,0.14,0.75,1.0,0.0,0
0.0,1.0,0.0,1.0,0.07,0.14,0.74,0.0,0.5,0
1.0,1.0,0.0,0.0,0.1,0.07,0.83,0.5,0.0,0
0.0,0.0,0.0,1.0,0.07,0.11,0.86,0.0,0.0,0
0.0,1.0,0.0,0.0,0.1,0.07,0.69,1.0,1.0,1
0.0,1.0,0.0,1.0,0.0,0.07,0.99,1.0,0.0,1
0.0,1.0,0.0,1.0,0.0,0.07,0.99,1.0,0.0,1
0.0,1.0,1.0,1.0,0.07,0.04,0.99,1.0,0.0,0
0.0,1.0,0.0,1.0,0.1,0.07,0.98,1.0,0.0,1
1.0,1.0,0.0,0.0,0.0,0.14,0.7,0.5,1.0,0
0.0,1.0,0.0,1.0,0.07,0.21,0.77,0.0,0.0,0
0.0,0.0,1.0,0.0,0.1,0.07,1.0,1.0,0.0,1
0.0,1.0,1.0,1.0,0.17,0.07,0.77,1.0,1.0,0
0.0,1.0,1.0,0.0,0.1,0.07,0.99,1.0,0.0,1
0.0,1.0,1.0,0.0,0.13,0.07,0.99,1.0,0.0,1
0.0,1.0,0.0,1.0,0.0,0.07,0.99,1.0,0.0,1
0.0,1.0,0.0,1.0,0.0,0.07,0.99,1.0,0.0,1
0.0,1.0,1.0,1.0,0.2,0.07,0.75,0.5,0.0,0
0.0,0.0,0.0,0.0,0.17,0.07,1.0,0.0,0.5,0
0.0,0.0,0.0,1.0,0.07,0.07,0.81,0.5,0.0,0
1.0,1.0,0.0,1.0,0.0,0.14,0.76,1.0,0.0,0
0.0,1.0,0.0,1.0,0.0,0.07,0.99,1.0,0.0,1
0.0,1.0,0.0,1.0,0.07,0.11,0.7,0.5,0.5,0
0.0,1.0,1.0,1.0,0.1,0.04,0.99,1.0,0.0,0
0.0,0.0,1.0,0.0,0.1,0.07,1.0,1.0,0.0,1
1.0,1.0,1.0,1.0,0.2,0.07,0.78,0.5,1.0,1
1.0,0.0,0.0,1.0,0.07,0.07,0.8,0.5,0.0,0
0.0,1.0,0.0,1.0,0.13,0.14,0.74,0.5,0.0,0
0.0,1.0,1.0,0.0,0.17,0.07,0.99,1.0,0.0,1
1.0,1.0,0.0,1.0,0.07,0.14,0.81,0.5,0.0,0
0.0,1.0,0.0,0.0,0.0,0.07,0.77,0.5,0.0,0
0.0,1.0,1.0,1.0,0.1,0.04,0.99,1.0,0.0,1
1.0,1.0,0.0,1.0,0.07,0.07,0.84,0.5,0.0,1
1.0,0.0,1.0,0.0,0.0,0.07,0.84,0.0,0.0,1
0.0,1.0,1.0,1.0,0.0,0.07,1.0,0.5,0.0,0
0.0,1.0,1.0,0.0,0.2,0.07,0.99,1.0,0.0,1
0.0,1.0,1.0,1.0,0.1,0.07,0.83,1.0,0.0,0
0.0,1.0,0.0,0.0,0.0,0.07,0.5,1.0,0.5,0
0.0,1.0,0.0,0.0,0.0,0.21,0.78,0.5,0.0,0
0.0,1.0,1.0,1.0,0.17,0.07,0.8,0.5,0.5,0
0.0,1.0,0.0,1.0,0.1,0.14,0.8,0.5,0.0,0
0.0,0.0,0.0,0.0,0.07,0.07,0.62,0.0,0.5,1
0.0,0.0,0.0,0.0,0.0,0.14,0.45,0.0,1.0,1
0.0,0.0,1.0,0.0,0.0,0.07,0.99,0.5,0.0,0
0.0,0.0,0.0,1.0,0.07,0.11,0.7,0.5,1.0,0
0.0,1.0,0.0,1.0,0.0,0.14,0.69,1.0,1.0,0
0.0,1.0,0.0,0.0,0.0,0.21,0.8,1.0,0.0,0
0.0,1.0,1.0,1.0,0.07,0.14,0.75,0.5,1.0,0
0.0,1.0,1.0,1.0,0.07,0.14,0.75,1.0,1.0,0
0.0,1.0,1.0,1.0,0.07,0.14,0.75,0.5,0.5,0
0.0,1.0,1.0,1.0,0.07,0.14,0.75,0.5,1.0,0
0.0,1.0,1.0,1.0,0.07,0.14,0.75,0.5,1.0,0
1.0,0.0,1.0,1.0,0.2,0.07,0.69,0.0,0.5,1
1.0,0.0,0.0,1.0,0.1,0.14,0.7,0.0,0.5,0
0.0,1.0,0.0,1.0,0.1,0.11,0.7,1.0,1.0,0
0.0,1.0,0.0,1.0,0.0,0.14,0.75,0.0,0.5,0
0.0,0.0,0.0,1.0,0.0,0.11,0.75,0.5,1.0,0
0.0,1.0,0.0,0.0,0.0,0.14,0.71,0.0,1.0,0
1.0,1.0,0.0,0.0,0.0,0.14,0.72,0.0,0.0,0
0.0,1.0,0.0,0.0,0.1,0.07,0.69,0.0,1.0,1
0.0,1.0,0.0,1.0,0.07,0.14,0.79,0.0,0.5,0
0.0,0.0,1.0,0.0,0.13,0.07,1.0,1.0,0.0,1
0.0,0.0,1.0,0.0,0.13,0.07,1.0,1.0,0.0,1
0.0,1.0,1.0,1.0,0.0,0.07,1.0,0.5,0.0,0
0.0,1.0,1.0,0.0,0.0,0.07,0.99,0.0,0.0,1
1.0,1.0,0.0,1.0,0.13,0.11,0.8,0.5,0.0,0
0.0,1.0,0.0,0.0,0.0,0.18,0.76,1.0,0.0,0
0.0,0.0,0.0,0.0,0.1,0.07,0.73,0.0,1.0,0
0.0,1.0,0.0,1.0,0.0,0.14,0.86,0.5,0.0,0
0.0,1.0,1.0,1.0,0.1,0.07,0.99,1.0,0.0,1
0.0,1.0,1.0,1.0,0.1,0.07,0.99,1.0,0.0,1
0.0,1.0,0.0,1.0,0.0,0.07,0.69,1.0,1.0,1
1.0,1.0,0.0,0.0,0.1,0.14,0.8,0.5,0.0,0
0.0,0.0,0.0,0.0,0.07,0.21,0.77,0.5,0.0,0
0.0,1.0,0.0,0.0,0.0,0.14,0.5,0.0,1.0,1
1.0,0.0,1.0,0.0,0.13,0.07,0.72,0.0,1.0,1
0.0,1.0,0.0,1.0,0.0,0.11,0.77,1.0,0.0,0
0.0,1.0,0.0,1.0,0.0,0.07,0.71,0.0,1.0,1
0.0,1.0,1.0,1.0,0.13,0.07,0.49,0.0,1.0,1
0.0,1.0,0.0,1.0,0.0,0.07,0.71,1.0,1.0,1
0.0,0.0,0.0,0.0,0.07,0.07,0.45,0.0,1.0,1
0.0,1.0,0.0,1.0,0.0,0.14,0.86,0.0,0.0,0
0.0,1.0,1.0,1.0,0.0,0.07,0.82,0.5,0.0,0
0.0,1.0,0.0,0.0,0.0,0.07,0.78,1.0,0.0,0
0.0,1.0,0.0,1.0,0.13,0.14,0.77,0.5,0.0,0
1.0,1.0,0.0,1.0,0.0,0.11,0.73,1.0,0.0,0
0.0,1.0,0.0,1.0,0.13,0.14,0.71,0.5,0.0,0
0.0,0.0,0.0,0.0,0.0,0.07,0.49,0.0,0.5,1
0.0,0.0,0.0,1.0,0.07,0.14,0.91,0.5,0.0,0
0.0,1.0,0.0,0.0,0.0,0.07,0.7,0.5,1.0,0
0.0,0.0,1.0,1.0,0.2,0.07,0.93,0.0,0.5,0
0.0,0.0,0.0,1.0,0.13,0.07,0.99,1.0,0.0,0
0.0,1.0,0.0,1.0,0.0,0.21,0.78,0.0,0.0,0
0.0,1.0,1.0,1.0,0.0,0.07,0.88,0.5,1.0,1
0.0,0.0,0.0,0.0,0.0,0.14,0.78,0.0,0.0,0
0.0,0.0,0.0,0.0,0.0,0.07,0.98,1.0,0.0,0
0.0,1.0,0.0,1.0,0.13,0.18,0.77,0.5,0.0,0
0.0,1.0,0.0,0.0,0.07,0.07,0.7,0.0,1.0,1
0.0,0.0,0.0,1.0,0.1,0.11,0.72,1.0,0.0,0
0.0,0.0,0.0,1.0,0.1,0.11,0.72,1.0,0.0,0
0.0,1.0,0.0,1.0,0.0,0.07,0.78,0.0,0.0,0
0.0,0.0,0.0,0.0,0.1,0.14,0.79,0.5,0.0,0
0.0,1.0,1.0,1.0,0.07,0.07,0.99,0.0,0.5,0
0.0,1.0,0.0,1.0,0.07,0.14,0.81,0.0,0.5,0
0.0,1.0,0.0,1.0,0.1,0.14,0.7,0.5,1.0,1
0.0,0.0,1.0,1.0,0.0,0.07,0.99,0.0,0.5,0
0.0,0.0,1.0,1.0,0.0,0.07,0.99,0.0,0.5,0
0.0,1.0,1.0,1.0,0.0,0.07,0.99,0.0,0.5,0
0.0,0.0,1.0,0.0,0.0,0.07,0.99,0.5,0.0,0
0.0,1.0,1.0,0.0,0.0,0.07,1.0,0.5,1.0,1
0.0,1.0,1.0,1.0,0.0,0.07,0.99,0.0,0.5,0
0.0,1.0,0.0,0.0,0.0,0.07,0.5,1.0,0.5,0
0.0,0.0,0.0,1.0,0.07,0.07,0.98,1.0,0.0,0
0.0,0.0,0.0,1.0,0.1,0.07,0.98,1.0,0.0,0
0.0,0.0,0.0,1.0,0.07,0.07,0.98,1.0,0.0,0
0.0,1.0,0.0,0.0,0.17,0.07,0.57,0.0,1.0,0
1.0,1.0,0.0,0.0,0.0,0.14,0.73,0.5,1.0,0
0.0,1.0,0.0,0.0,0.07,0.07,0.67,0.0,1.0,1
1.0,1.0,1.0,1.0,0.2,0.14,0.73,1.0,0.0,0
0.0,1.0,0.0,0.0,0.0,0.14,0.77,1.0,0.0,0
1.0,1.0,1.0,0.0,0.1,0.14,0.81,0.5,0.0,0
0.0,0.0,0.0,1.0,0.1,0.14,0.69,0.0,0.5,0
0.0,1.0,0.0,1.0,0.0,0.07,0.57,0.0,1.0,1
0.0,1.0,0.0,1.0,0.0,0.07,0.71,0.0,1.0,1
0.0,0.0,0.0,0.0,0.2,0.07,0.47,0.5,1.0,1
1.0,1.0,1.0,1.0,0.0,0.07,0.99,0.0,0.5,1
0.0,1.0,0.0,0.0,0.0,0.07,0.71,0.0,1.0,1
0.0,1.0,0.0,1.0,0.0,0.14,0.75,1.0,0.0,0
0.0,0.0,1.0,1.0,0.07,0.07,0.99,0.0,0.0,1
0.0,0.0,0.0,0.0,0.17,0.07,0.68,1.0,1.0,1
1.0,0.0,0.0,0.0,0.0,0.14,0.75,0.5,0.0,0
1.0,0.0,1.0,1.0,0.0,0.14,0.98,0.0,0.0,0
0.0,0.0,1.0,1.0,0.13,0.14,0.8,0.5,1.0,0
0.0,1.0,0.0,1.0,0.07,0.14,0.99,0.0,0.0,0
1.0,1.0,0.0,1.0,0.0,0.14,0.76,1.0,0.0,0
0.0,1.0,1.0,1.0,0.0,0.07,0.99,0.0,0.5,0
0.0,1.0,1.0,1.0,0.27,0.14,0.76,1.0,0.0,0
0.0,1.0,0.0,1.0,0.07,0.14,0.73,0.0,0.5,0
0.0,1.0,1.0,1.0,0.0,0.14,0.81,0.5,0.0,0
0.0,1.0,1.0,1.0,0.07,0.14,0.78,1.0,0.0,0
0.0,1.0,0.0,1.0,0.13,0.07,0.8,1.0,0.0,0
0.0,1.0,0.0,0.0,0.0,0.21,0.99,0.5,0.0,1
0.0,1.0,0.0,0.0,0.0,0.21,0.99,0.5,0.0,1
0.0,0.0,0.0,0.0,0.13,0.14,0.48,0.5,1.0,1
0.0,1.0,0.0,1.0,0.13,0.14,0.92,1.0,0.0,0
0.0,1.0,0.0,0.0,0.0,0.07,0.5,1.0,0.5,0
0.0,1.0,0.0,0.0,0.0,0.11,0.49,0.0,0.5,1
1.0,0.0,0.0,1.0,0.0,0.14,0.71,1.0,0.0,0
0.0,1.0,1.0,0.0,0.07,0.14,0.99,0.0,0.0,1
1.0,1.0,0.0,0.0,0.0,0.14,0.99,0.0,0.0,0
0.0,0.0,0.0,0.0,0.17,0.07,0.45,0.0,1.0,1
0.0,1.0,1.0,1.0,0.07,0.04,0.77,1.0,1.0,1
1.0,1.0,0.0,1.0,0.07,0.14,0.9,0.5,0.5,0
0.0,0.0,1.0,0.0,0.23,0.14,0.56,0.5,1.0,1
0.0,1.0,1.0,1.0,0.0,0.07,0.99,0.0,0.5,0
0.0,1.0,1.0,1.0,0.07,0.14,0.79,0.5,0.5,0
0.0,1.0,0.0,1.0,0.07,0.14,0.8,0.5,0.0,0
0.0,1.0,0.0,1.0,0.0,0.07,0.79,0.0,0.0,1
0.0,1.0,0.0,1.0,0.13,0.07,0.71,0.0,1.0,1
0.0,0.0,0.0,1.0,0.0,0.21,0.82,0.5,0.0,0
0.0,1.0,0.0,1.0,0.07,0.18,0.8,0.5,0.0,0
0.0,1.0,0.0,1.0,0.0,0.14,0.75,0.5,0.0,0
0.0,1.0,0.0,1.0,0.13,0.11,0.71,0.5,0.5,0
0.0,0.0,0.0,0.0,0.0,0.14,0.97,1.0,0.0,0
0.0,1.0,0.0,0.0,0.0,0.14,0.97,1.0,0.0,0
0.0,1.0,0.0,0.0,0.0,0.14,0.88,1.0,0.0,0
0.0,0.0,1.0,0.0,0.0,0.14,0.8,0.5,1.0,0
1.0,1.0,0.0,1.0,0.13,0.11,0.71,0.5,1.0,1
0.0,0.0,0.0,1.0,0.1,0.07,0.49,0.0,1.0,1
0.0,1.0,1.0,1.0,0.07,0.07,0.96,0.0,0.5,1
0.0,0.0,0.0,1.0,0.07,0.14,0.99,0.5,1.0,1
0.0,0.0,0.0,1.0,0.07,0.07,0.99,0.5,1.0,1
0.0,1.0,1.0,0.0,0.0,0.07,0.99,0.0,0.5,1
0.0,1.0,1.0,1.0,0.0,0.14,1.0,0.5,0.0,0
0.0,1.0,1.0,0.0,0.0,0.07,0.99,0.0,0.0,0
0.0,0.0,0.0,1.0,0.0,0.07,0.99,0.5,0.0,0
0.0,0.0,1.0,0.0,0.23,0.07,0.99,1.0,1.0,1
1.0,1.0,0.0,0.0,0.0,0.14,0.69,0.0,0.0,0
0.0,1.0,1.0,0.0,0.57,0.07,0.77,0.5,1.0,1
1.0,0.0,0.0,1.0,0.07,0.14,0.75,0.0,0.5,0
0.0,1.0,1.0,1.0,0.0,0.07,0.8,0.0,0.5,1
0.0,0.0,0.0,1.0,0.17,0.07,0.47,0.0,1.0,1
0.0,1.0,0.0,1.0,0.0,0.14,0.76,0.5,0.0,0
1.0,0.0,0.0,0.0,0.07,0.14,0.83,0.0,0.0,0
0.0,0.0,0.0,0.0,0.17,0.14,0.71,1.0,1.0,1
0.0,0.0,0.0,1.0,0.0,0.07,0.99,0.5,0.0,0
0.0,0.0,0.0,1.0,0.07,0.07,0.81,0.5,1.0,1
0.0,1.0,0.0,1.0,0.0,0.0,0.77,0.0,0.5,1
0.0,0.0,0.0,0.0,0.0,0.07,0.99,0.0,0.5,1
1.0,0.0,0.0,1.0,0.07,0.14,0.82,0.0,0.0,0
0.0,0.0,0.0,1.0,0.0,0.07,0.78,0.5,1.0,1
0.0,0.0,0.0,0.0,0.07,0.07,1.0,0.0,0.5,1
1.0,1.0,1.0,1.0,0.07,0.07,0.85,0.5,0.0,0
0.0,1.0,1.0,1.0,0.07,0.07,0.79,0.0,0.5,1
0.0,1.0,0.0,1.0,0.0,0.14,0.87,0.0,0.0,0
0.0,0.0,0.0,1.0,0.13,0.07,0.93,0.0,0.5,1
1.0,0.0,0.0,0.0,0.0,0.07,0.49,1.0,1.0,1
1.0,1.0,0.0,1.0,0.07,0.21,0.7,1.0,0.0,1
1.0,1.0,0.0,1.0,0.0,0.11,0.89,0.5,0.0,0
0.0,0.0,1.0,0.0,0.2,0.07,0.99,1.0,1.0,1
1.0,1.0,0.0,1.0,0.0,0.14,0.88,1.0,0.5,0
1.0,1.0,0.0,0.0,0.0,0.29,0.8,0.5,0.0,0
0.0,0.0,0.0,0.0,0.1,0.07,1.0,0.0,0.5,1
0.0,1.0,0.0,1.0,0.0,0.14,0.77,1.0,0.5,0
1.0,0.0,0.0,1.0,0.13,0.21,0.71,0.0,0.5,0
1.0,1.0,0.0,0.0,0.07,0.21,0.78,0.5,0.0,0
0.0,1.0,1.0,1.0,0.07,0.07,0.9,0.5,1.0,1
0.0,1.0,0.0,1.0,0.13,0.18,0.86,0.5,0.0,0
1.0,1.0,1.0,0.0,0.0,0.14,0.99,1.0,0.0,0
1.0,0.0,1.0,1.0,0.0,0.14,0.97,1.0,0.0,0
0.0,1.0,0.0,1.0,0.1,0.14,0.77,0.0,0.0,0
1.0,0.0,0.0,0.0,0.07,0.11,0.58,0.0,1.0,1
1.0,0.0,1.0,0.0,0.0,0.14,0.97,1.0,0.0,0
0.0,1.0,0.0,1.0,0.07,0.21,0.78,0.5,0.0,0
0.0,0.0,0.0,0.0,0.17,0.21,0.49,1.0,1.0,1
0.0,1.0,1.0,0.0,0.0,0.07,0.99,0.5,0.0,0
0.0,0.0,1.0,1.0,0.3,0.21,0.76,1.0,0.0,0
0.0,0.0,1.0,1.0,0.13,0.07,0.83,0.0,0.5,1
1.0,1.0,0.0,1.0,0.0,0.14,0.75,0.0,0.5,0
0.0,1.0,0.0,1.0,0.0,0.14,0.77,1.0,0.0,0
1.0,1.0,0.0,0.0,0.0,0.07,0.79,0.0,0.5,1
0.0,0.0,1.0,0.0,0.1,0.07,0.47,0.0,1.0,1
0.0,1.0,0.0,0.0,0.13,0.14,0.5,1.0,0.5,0
0.0,0.0,0.0,0.0,0.07,0.07,0.82,1.0,0.0,1
0.0,1.0,0.0,1.0,0.0,0.14,0.92,1.0,0.0,0
0.0,0.0,0.0,1.0,0.0,0.14,0.86,1.0,0.0,0
0.0,1.0,0.0,0.0,0.0,0.07,0.88,0.0,0.5,1
1.0,1.0,0.0,1.0,0.0,0.14,0.78,0.5,0.0,0
0.0,1.0,1.0,0.0,0.0,0.07,0.93,0.0,0.0,1
0.0,0.0,1.0,0.0,0.13,0.07,1.0,1.0,0.0,1
0.0,1.0,1.0,1.0,0.0,0.14,1.0,0.5,0.0,0
0.0,1.0,0.0,1.0,0.0,0.07,0.79,0.0,1.0,1
0.0,1.0,0.0,1.0,0.0,0.14,0.99,1.0,0.0,1
0.0,1.0,0.0,1.0,0.0,0.14,0.99,1.0,0.0,1
0.0,1.0,1.0,0.0,0.0,0.14,0.98,0.5,0.0,0
0.0,1.0,1.0,1.0,0.0,0.07,0.99,0.5,0.0,1
1.0,0.0,1.0,0.0,0.17,0.07,0.72,0.0,1.0,1
0.0,1.0,0.0,1.0,0.07,0.11,0.77,0.5,0.0,0
0.0,0.0,0.0,0.0,0.07,0.21,0.68,0.5,0.5,0
1.0,1.0,1.0,1.0,0.0,0.29,0.77,1.0,0.0,0
0.0,1.0,0.0,1.0,0.07,0.11,0.69,0.5,1.0,1
0.0,1.0,0.0,0.0,0.07,0.14,0.85,0.5,0.0,0
0.0,0.0,0.0,0.0,0.07,0.14,0.7,0.5,1.0,1
0.0,0.0,1.0,0.0,0.0,0.07,0.99,0.5,0.0,1
0.0,1.0,0.0,1.0,0.0,0.11,0.76,0.5,0.0,0
0.0,1.0,0.0,1.0,0.07,0.07,0.87,0.0,0.0,0
1.0,1.0,0.0,0.0,0.0,0.14,0.9,0.0,0.5,0
0.0,0.0,0.0,1.0,0.0,0.14,0.82,1.0,0.0,0
0.0,1.0,0.0,1.0,0.0,0.07,0.83,0.0,0.5,1
0.0,1.0,0.0,1.0,0.07,0.14,0.87,0.5,0.0,0
1.0,1.0,0.0,1.0,0.0,0.18,0.82,0.5,0.0,0
0.0,0.0,0.0,0.0,0.07,0.14,0.98,0.0,0.0,0
0.0,1.0,0.0,1.0,0.0,0.14,0.77,0.0,1.0,1
1.0,1.0,0.0,0.0,0.0,0.14,0.64,1.0,0.5,0
0.0,1.0,0.0,0.0,0.0,0.14,0.49,0.0,1.0,1
0.0,0.0,1.0,0.0,0.0,0.07,0.99,0.5,0.0,1
0.0,1.0,1.0,0.0,0.0,0.14,1.0,0.5,0.0,0
0.0,1.0,1.0,0.0,0.0,0.14,1.0,0.5,0.0,0
0.0,0.0,1.0,1.0,0.0,0.07,0.99,0.0,0.5,0
1.0,0.0,1.0,0.0,0.0,0.14,0.97,0.5,0.0,0
1.0,1.0,0.0,1.0,0.13,0.14,0.79,0.0,0.5,0
1.0,1.0,0.0,0.0,0.2,0.14,0.89,0.5,1.0,0
0.0,0.0,0.0,0.0,0.07,0.14,0.75,0.0,1.0,0
0.0,1.0,0.0,0.0,0.07,0.14,0.75,0.0,1.0,0
0.0,0.0,0.0,1.0,0.13,0.07,0.49,0.0,1.0,1
0.0,1.0,1.0,1.0,0.07,0.07,0.99,0.5,0.0,1
0.0,1.0,1.0,0.0,0.0,0.14,0.99,0.0,0.0,0
0.0,0.0,0.0,1.0,0.0,0.14,0.7,0.0,1.0,1
0.0,1.0,0.0,1.0,0.0,0.18,0.79,0.0,0.0,0
0.0,0.0,0.0,1.0,0.0,0.14,0.98,0.0,0.5,0
0.0,0.0,1.0,0.0,0.0,0.07,0.99,0.0,0.5,0
0.0,1.0,0.0,1.0,0.0,0.14,0.87,1.0,0.0,1
0.0,0.0,0.0,0.0,0.0,0.07,0.46,1.0,1.0,1
0.0,0.0,0.0,0.0,0.13,0.14,0.7,0.5,0.5,0
0.0,0.0,0.0,1.0,0.2,0.07,0.48,0.0,1.0,1
0.0,1.0,1.0,0.0,0.07,0.07,1.0,0.5,1.0,1
0.0,0.0,1.0,1.0,0.0,0.07,0.99,0.0,0.5,0
0.0,0.0,0.0,0.0,0.13,0.14,0.88,1.0,0.0,0
0.0,1.0,0.0,1.0,0.0,0.14,0.71,1.0,0.0,1
0.0,1.0,1.0,1.0,0.0,0.14,0.99,1.0,0.0,0
0.0,0.0,0.0,1.0,0.0,0.14,0.77,0.5,0.0,0
0.0,1.0,1.0,1.0,0.1,0.07,0.95,1.0,0.5,0
0.0,1.0,1.0,0.0,0.0,0.07,1.0,0.5,1.0,1
0.0,0.0,1.0,1.0,0.07,0.07,0.99,0.5,1.0,1
0.0,1.0,1.0,1.0,0.0,0.14,0.99,0.0,0.5,0
0.0,0.0,1.0,1.0,0.0,0.14,0.99,0.0,0.5,0
0.0,0.0,1.0,1.0,0.0,0.14,0.99,0.0,0.5,0
0.0,1.0,0.0,0.0,0.0,0.21,0.76,0.5,0.0,0
0.0,1.0,0.0,1.0,0.07,0.07,0.48,0.0,0.5,1
1.0,1.0,1.0,1.0,0.0,0.07,0.99,1.0,0.0,1
1.0,1.0,1.0,1.0,0.0,0.07,0.99,1.0,0.0,1
0.0,1.0,1.0,0.0,0.0,0.0,0.96,0.0,0.5,1
0.0,0.0,0.0,0.0,0.1,0.07,0.99,0.5,0.0,1
0.0,0.0,0.0,0.0,0.1,0.07,0.99,0.5,0.0,1
1.0,1.0,0.0,0.0,0.0,0.18,0.75,0.0,0.5,0
1.0,1.0,1.0,0.0,0.0,0.21,0.9,0.5,0.0,0
1.0,0.0,0.0,1.0,0.0,0.21,0.88,0.5,1.0,0
0.0,1.0,1.0,1.0,0.17,0.07,0.99,0.5,1.0,1
0.0,0.0,0.0,0.0,0.0,0.14,0.76,0.5,0.0,0
0.0,1.0,1.0,0.0,0.0,0.14,0.99,0.0,0.0,0
0.0,1.0,0.0,0.0,0.1,0.07,0.99,0.5,0.0,0
0.0,0.0,0.0,0.0,0.0,0.14,0.53,0.0,1.0,1
0.0,1.0,0.0,0.0,0.0,0.14,0.53,0.0,1.0,1
1.0,1.0,0.0,0.0,0.0,0.14,0.45,0.0,1.0,1
0.0,1.0,1.0,1.0,0.13,0.07,1.0,0.5,1.0,1
0.0,1.0,1.0,1.0,0.13,0.14,0.78,1.0,0.0,0
1.0,1.0,0.0,0.0,0.0,0.21,0.76,0.0,0.0,0
0.0,1.0,1.0,0.0,0.0,0.07,0.93,0.0,1.0,1
1.0,1.0,0.0,1.0,0.07,0.21,0.74,0.0,0.5,0
0.0,0.0,0.0,0.0,0.1,0.07,0.98,1.0,0.0,1
0.0,1.0,1.0,1.0,0.13,0.14,0.98,0.0,0.0,0
0.0,1.0,1.0,1.0,0.13,0.07,0.99,0.5,1.0,1
1.0,1.0,0.0,1.0,0.1,0.18,0.86,0.5,0.0,0
1.0,0.0,0.0,1.0,0.13,0.14,0.89,0.5,1.0,1
1.0,0.0,0.0,0.0,0.0,0.14,0.99,0.5,0.0,0
1.0,1.0,1.0,0.0,0.0,0.14,0.88,0.0,0.5,0
0.0,0.0,1.0,0.0,0.0,0.14,0.99,0.5,0.0,0
1.0,1.0,0.0,1.0,0.07,0.11,0.71,0.0,1.0,1
1.0,0.0,0.0,0.0,0.13,0.21,0.68,0.0,0.5,0
0.0,0.0,0.0,0.0,0.13,0.21,0.7,0.0,1.0,1
1.0,0.0,0.0,0.0,0.0,0.07,0.47,0.0,0.5,1
0.0,1.0,0.0,1.0,0.13,0.11,0.71,0.0,1.0,1
0.0,1.0,0.0,0.0,0.0,0.14,0.98,0.0,0.0,0
0.0,1.0,1.0,1.0,0.0,0.14,0.99,0.0,0.0,0
0.0,1.0,0.0,1.0,0.1,0.18,0.48,1.0,1.0,1
0.0,1.0,0.0,0.0,0.0,0.21,0.78,0.5,0.0,0
1.0,1.0,1.0,1.0,0.0,0.07,0.99,1.0,0.0,1
1.0,1.0,1.0,1.0,0.0,0.07,0.99,1.0,0.0,1
0.0,0.0,1.0,0.0,0.1,0.14,0.98,0.0,0.0,0
0.0,1.0,1.0,0.0,0.07,0.07,0.99,1.0,0.0,0
0.0,1.0,1.0,1.0,0.0,0.14,0.94,1.0,0.0,0
0.0,1.0,1.0,1.0,0.0,0.14,0.99,0.0,0.5,0
0.0,0.0,0.0,0.0,0.0,0.14,0.99,0.5,0.0,0
0.0,1.0,0.0,1.0,0.07,0.14,0.98,1.0,0.0,0
0.0,0.0,0.0,0.0,0.07,0.21,0.98,0.0,0.0,0
1.0,1.0,0.0,0.0,0.0,0.11,0.46,1.0,1.0,1
1.0,0.0,1.0,1.0,0.17,0.07,0.69,0.0,0.5,1
1.0,1.0,0.0,1.0,0.1,0.29,0.74,0.0,0.0,0
1.0,0.0,1.0,0.0,0.0,0.07,0.88,0.0,0.5,1
0.0,1.0,0.0,0.0,0.0,0.14,0.99,0.5,0.0,1
1.0,0.0,0.0,1.0,0.0,0.29,0.74,0.0,0.0,0
0.0,0.0,1.0,1.0,0.1,0.21,0.76,0.5,1.0,0
0.0,1.0,0.0,0.0,0.1,0.11,0.82,0.0,0.0,1
0.0,1.0,0.0,1.0,0.0,0.18,0.77,0.5,0.0,0
1.0,1.0,0.0,0.0,0.0,0.07,0.96,0.0,0.5,1
0.0,0.0,1.0,0.0,0.0,0.14,0.99,0.5,0.0,0
0.0,0.0,0.0,0.0,0.1,0.21,0.98,0.0,0.0,0
0.0,0.0,1.0,1.0,0.1,0.21,0.98,0.5,0.0,0
0.0,0.0,0.0,1.0,0.0,0.21,0.86,1.0,0.0,0
1.0,1.0,1.0,1.0,0.0,0.11,0.9,0.0,0.5,1
1.0,1.0,0.0,0.0,0.0,0.21,0.9,0.5,0.0,0
1.0,1.0,1.0,1.0,0.13,0.21,0.99,1.0,0.0,0
0.0,1.0,1.0,0.0,0.0,0.14,0.81,0.0,0.0,0
0.0,1.0,1.0,1.0,0.13,0.14,0.87,0.0,0.0,0
0.0,1.0,0.0,1.0,0.17,0.07,0.69,0.5,1.0,1
1.0,0.0,0.0,0.0,0.07,0.14,0.57,0.0,1.0,0
0.0,1.0,1.0,0.0,0.0,0.07,0.77,0.5,0.5,1
0.0,1.0,1.0,0.0,0.0,0.07,0.82,0.0,0.0,0
0.0,1.0,1.0,1.0,0.0,0.14,0.99,0.5,0.0,1
0.0,1.0,0.0,1.0,0.0,0.14,0.9,0.5,1.0,1
0.0,1.0,1.0,0.0,0.17,0.29,0.86,1.0,1.0,0
0.0,1.0,0.0,0.0,0.0,0.14,0.45,1.0,1.0,1
0.0,0.0,1.0,0.0,0.0,0.21,0.49,0.0,0.5,0
1.0,1.0,0.0,1.0,0.07,0.14,0.99,0.0,0.5,1
0.0,0.0,0.0,0.0,0.0,0.07,1.0,0.0,0.5,1
0.0,0.0,0.0,1.0,0.17,0.21,0.69,0.5,1.0,0
0.0,1.0,0.0,1.0,0.07,0.14,0.99,0.0,0.5,1
0.0,0.0,0.0,1.0,0.17,0.14,0.56,0.0,1.0,1
0.0,0.0,1.0,1.0,0.23,0.07,0.99,0.0,1.0,1
1.0,0.0,0.0,0.0,0.0,0.18,0.51,1.0,0.0,0
0.0,0.0,0.0,0.0,0.0,0.21,0.45,0.0,1.0,1
0.0,0.0,1.0,1.0,0.07,0.07,0.99,0.5,1.0,1
1.0,1.0,1.0,1.0,0.13,0.14,0.98,0.5,1.0,1
0.0,0.0,1.0,0.0,0.13,0.21,0.97,0.5,0.0,0
1.0,0.0,0.0,0.0,0.0,0.11,0.76,0.0,0.5,0
0.0,0.0,0.0,0.0,0.13,0.21,0.98,0.0,0.0,0
1.0,1.0,0.0,0.0,0.0,0.14,0.87,0.0,0.0,0
0.0,1.0,0.0,0.0,0.0,0.07,0.87,0.0,0.0,0
0.0,1.0,0.0,1.0,0.07,0.07,0.59,0.0,0.5,1
0.0,1.0,0.0,0.0,0.2,0.07,0.96,0.0,1.0,1
0.0,0.0,1.0,0.0,0.0,0.07,0.81,0.0,1.0,1
0.0,1.0,0.0,1.0,0.1,0.14,0.45,0.5,1.0,1
0.0,1.0,0.0,1.0,0.0,0.21,0.98,0.5,0.0,0
0.0,1.0,1.0,1.0,0.0,0.14,0.99,0.5,0.0,1
0.0,0.0,0.0,0.0,0.0,0.07,0.45,0.5,1.0,0
0.0,1.0,1.0,0.0,0.07,0.14,0.99,0.0,0.0,1
1.0,1.0,1.0,1.0,0.0,0.21,1.0,1.0,0.0,0
0.0,1.0,1.0,0.0,0.0,0.14,0.99,0.5,1.0,1
1.0,0.0,0.0,0.0,0.0,0.14,0.98,1.0,1.0,1
0.0,1.0,0.0,1.0,0.0,0.21,0.77,0.0,0.5,0
0.0,0.0,0.0,1.0,0.07,0.14,0.49,0.0,0.5,1
0.0,1.0,0.0,0.0,0.1,0.14,0.92,0.5,0.0,0
0.0,1.0,1.0,0.0,0.0,0.07,0.8,0.0,0.5,1
0.0,0.0,1.0,1.0,0.07,0.07,0.99,0.0,0.0,1
1.0,1.0,0.0,0.0,0.0,0.21,0.64,1.0,0.5,0
1.0,0.0,0.0,1.0,0.0,0.21,0.99,0.0,0.5,0
0.0,1.0,0.0,0.0,0.0,0.11,0.97,0.0,0.5,1
0.0,0.0,0.0,0.0,0.1,0.21,1.0,0.0,0.5,1
0.0,1.0,1.0,0.0,0.17,0.07,1.0,0.5,1.0,1
1.0,1.0,1.0,1.0,0.0,0.14,0.98,0.5,1.0,1
0.0,1.0,1.0,1.0,0.0,0.14,0.93,0.0,0.5,1
0.0,1.0,1.0,1.0,0.1,0.21,0.98,0.5,0.0,0
0.0,0.0,0.0,1.0,0.07,0.07,0.45,0.0,1.0,1
0.0,0.0,1.0,0.0,0.0,0.21,1.0,1.0,0.0,0
0.0,0.0,1.0,0.0,0.07,0.21,1.0,1.0,0.0,0
0.0,0.0,1.0,0.0,0.1,0.14,0.99,0.0,0.0,1
0.0,1.0,1.0,1.0,0.0,0.14,0.82,0.0,0.0,1
0.0,0.0,0.0,0.0,0.1,0.14,0.79,0.5,1.0,1
0.0,1.0,0.0,1.0,0.17,0.14,0.9,0.0,0.0,1
0.0,0.0,0.0,1.0,0.1,0.14,0.48,0.0,1.0,1
0.0,0.0,0.0,0.0,0.0,0.14,0.47,1.0,1.0,1
0.0,1.0,1.0,1.0,0.0,0.21,0.99,0.0,0.5,0
0.0,0.0,1.0,0.0,0.07,0.21,1.0,1.0,0.0,0
0.0,0.0,1.0,1.0,0.1,0.21,0.97,1.0,0.0,0
0.0,0.0,0.0,1.0,0.0,0.14,0.96,0.5,1.0,1
0.0,0.0,0.0,0.0,0.0,0.21,0.88,0.0,0.5,1
1.0,1.0,1.0,0.0,0.0,0.14,0.99,0.0,0.5,1
0.0,1.0,0.0,1.0,0.2,0.07,0.46,1.0,1.0,1
0.0,0.0,0.0,0.0,0.0,0.21,0.89,0.0,1.0,0
0.0,1.0,0.0,0.0,0.0,0.21,0.76,0.0,0.0,0
0.0,1.0,1.0,1.0,0.1,0.07,0.88,0.0,0.5,1
0.0,1.0,0.0,1.0,0.0,0.21,0.73,0.5,1.0,1
0.0,1.0,1.0,1.0,0.0,0.21,1.0,0.5,0.0,0
0.0,0.0,0.0,0.0,0.07,0.11,0.73,0.5,1.0,1
0.0,1.0,0.0,0.0,0.17,0.14,0.97,0.5,0.0,0
0.0,1.0,1.0,0.0,0.2,0.14,0.95,1.0,0.5,0
0.0,1.0,0.0,0.0,0.0,0.07,0.49,0.5,1.0,1
1.0,0.0,1.0,1.0,0.13,0.21,0.99,1.0,0.0,1
0.0,0.0,0.0,0.0,0.07,0.14,0.31,0.0,1.0,1
0.0,0.0,0.0,0.0,0.0,0.14,0.79,0.0,0.0,0
0.0,1.0,0.0,1.0,0.13,0.11,0.99,0.5,1.0,1
0.0,1.0,0.0,0.0,0.0,0.07,0.7,0.0,1.0,1
0.0,1.0,0.0,0.0,0.17,0.07,0.7,0.0,1.0,1
0.0,0.0,0.0,0.0,0.07,0.21,1.0,0.0,0.5,1
0.0,1.0,1.0,1.0,0.0,0.39,0.71,1.0,0.0,0
0.0,0.0,0.0,0.0,0.07,0.14,0.79,0.5,1.0,1
0.0,1.0,0.0,0.0,0.0,0.14,0.88,0.5,0.0,0
0.0,0.0,1.0,0.0,0.0,0.21,0.99,0.5,0.0,0
1.0,1.0,0.0,1.0,0.0,0.14,0.71,0.0,0.5,1
0.0,0.0,0.0,0.0,0.1,0.21,1.0,0.0,0.5,1
0.0,0.0,1.0,0.0,0.0,0.14,0.99,0.0,0.0,1
0.0,0.0,1.0,1.0,0.07,0.07,0.99,0.0,0.0,1
0.0,1.0,0.0,0.0,0.07,0.18,0.5,0.0,0.5,0
0.0,0.0,1.0,1.0,0.4,0.07,0.99,0.0,1.0,1
0.0,1.0,1.0,0.0,0.1,0.14,0.99,0.5,0.0,1
0.0,1.0,0.0,1.0,0.1,0.21,0.42,1.0,1.0,1
1.0,1.0,0.0,0.0,0.0,0.25,0.76,0.0,0.0,0
0.0,0.0,0.0,1.0,0.1,0.21,0.98,0.0,0.5,0
1.0,1.0,0.0,0.0,0.07,0.25,0.73,0.0,0.5,0
0.0,1.0,0.0,1.0,0.1,0.14,0.85,0.0,0.5,1
0.0,1.0,0.0,0.0,0.0,0.14,0.77,0.0,0.5,0
1.0,1.0,1.0,1.0,0.07,0.14,0.99,0.5,1.0,1
1.0,1.0,0.0,0.0,0.0,0.14,0.84,0.0,0.0,1
1.0,0.0,1.0,1.0,0.0,0.07,0.48,0.0,0.5,1
0.0,0.0,1.0,0.0,0.0,0.14,0.99,0.0,0.0,1
1.0,1.0,0.0,0.0,0.0,0.21,0.98,1.0,0.0,0
0.0,1.0,0.0,1.0,0.0,0.14,0.96,0.0,0.0,1
0.0,0.0,0.0,1.0,0.0,0.14,0.97,0.0,0.0,1
0.0,0.0,0.0,1.0,0.0,0.18,0.92,0.0,0.5,1
0.0,0.0,1.0,1.0,0.1,0.14,0.99,0.0,0.0,1
1.0,1.0,1.0,0.0,0.0,0.14,0.99,1.0,0.0,1
1.0,1.0,1.0,0.0,0.0,0.14,0.99,1.0,0.0,1
0.0,1.0,1.0,0.0,0.1,0.14,1.0,0.5,1.0,1
0.0,1.0,1.0,1.0,0.0,0.07,0.99,0.0,1.0,1
0.0,1.0,1.0,1.0,0.0,0.07,0.99,0.0,1.0,1
0.0,1.0,1.0,1.0,0.0,0.07,0.99,0.0,1.0,1
0.0,1.0,0.0,1.0,0.0,0.21,0.99,1.0,0.0,1
0.0,1.0,0.0,1.0,0.0,0.21,0.99,1.0,0.0,1
0.0,1.0,0.0,0.0,0.0,0.29,0.95,0.0,0.0,0
0.0,1.0,0.0,1.0,0.07,0.25,0.57,0.5,0.0,0
1.0,1.0,1.0,1.0,0.1,0.14,0.99,0.5,1.0,1
0.0,1.0,0.0,0.0,0.0,0.21,0.76,0.0,0.5,1
0.0,1.0,1.0,1.0,0.0,0.14,0.99,1.0,0.0,1
0.0,1.0,1.0,1.0,0.0,0.14,0.99,1.0,0.0,1
0.0,0.0,0.0,1.0,0.1,0.21,0.45,0.0,1.0,1
0.0,0.0,0.0,1.0,0.1,0.29,0.98,0.0,0.5,0
0.0,0.0,0.0,1.0,0.0,0.14,0.82,1.0,1.0,1
0.0,1.0,0.0,0.0,0.0,0.21,0.96,0.5,1.0,1
0.0,1.0,0.0,0.0,0.13,0.18,0.43,0.0,1.0,1
0.0,1.0,1.0,1.0,0.0,0.07,0.88,0.0,1.0,1
1.0,1.0,0.0,0.0,0.0,0.29,0.99,1.0,0.5,0
1.0,1.0,0.0,0.0,0.0,0.29,0.99,1.0,0.5,0
1.0,1.0,0.0,0.0,0.0,0.29,0.99,1.0,0.5,0
1.0,1.0,1.0,0.0,0.0,0.14,0.99,1.0,0.0,1
1.0,1.0,1.0,0.0,0.0,0.14,0.99,1.0,0.0,1
1.0,1.0,0.0,0.0,0.0,0.29,0.99,1.0,0.5,0
0.0,0.0,0.0,0.0,0.2,0.14,0.47,0.5,1.0,1
0.0,0.0,0.0,0.0,0.0,0.14,0.47,0.5,1.0,1
1.0,1.0,1.0,0.0,0.0,0.14,0.99,0.0,0.0,1
1.0,0.0,1.0,0.0,0.17,0.14,0.72,0.0,1.0,1
0.0,1.0,1.0,0.0,0.07,0.14,1.0,0.5,1.0,1
0.0,0.0,0.0,1.0,0.0,0.21,0.98,0.5,1.0,1
0.0,1.0,1.0,1.0,0.07,0.14,0.99,0.0,0.0,1
0.0,1.0,1.0,1.0,0.0,0.14,0.99,1.0,0.0,1
0.0,1.0,1.0,1.0,0.0,0.14,0.99,1.0,0.0,1
0.0,0.0,0.0,1.0,0.1,0.14,0.58,0.0,1.0,1
0.0,1.0,0.0,1.0,0.07,0.21,0.75,0.0,0.5,0
0.0,0.0,1.0,1.0,0.07,0.14,0.97,0.5,1.0,1
0.0,0.0,1.0,0.0,0.0,0.21,0.99,0.0,0.5,1
0.0,1.0,1.0,1.0,0.07,0.14,0.98,0.0,0.0,1
1.0,0.0,1.0,1.0,0.13,0.14,0.69,1.0,1.0,1
0.0,1.0,1.0,1.0,0.07,0.21,0.99,0.0,0.5,1
0.0,1.0,1.0,1.0,0.0,0.14,0.99,1.0,0.0,1
0.0,1.0,1.0,1.0,0.0,0.14,0.99,1.0,0.0,1
0.0,1.0,1.0,0.0,0.17,0.14,0.98,1.0,1.0,1
0.0,1.0,1.0,1.0,0.0,0.07,0.99,0.0,1.0,1
0.0,1.0,1.0,1.0,0.0,0.07,0.99,0.0,1.0,1
0.0,1.0,0.0,1.0,0.1,0.29,0.71,0.0,0.5,0
1.0,1.0,0.0,1.0,0.0,0.21,0.5,0.5,1.0,0
0.0,0.0,0.0,1.0,0.0,0.14,0.99,0.0,0.5,1
0.0,0.0,1.0,0.0,0.1,0.21,1.0,1.0,0.0,0
0.0,0.0,0.0,0.0,0.0,0.21,0.4,0.5,0.5,1
0.0,0.0,1.0,1.0,0.17,0.14,0.99,0.5,0.5,1
0.0,0.0,1.0,1.0,0.17,0.14,0.99,0.5,0.5,1
1.0,0.0,0.0,0.0,0.0,0.14,0.78,0.0,0.5,1
1.0,1.0,0.0,0.0,0.0,0.36,0.99,1.0,0.5,0
1.0,1.0,1.0,1.0,0.1,0.21,0.76,0.0,0.0,0
0.0,1.0,1.0,0.0,0.0,0.21,1.0,0.5,0.0,0
0.0,0.0,1.0,1.0,0.2,0.14,0.99,0.0,1.0,1
0.0,0.0,0.0,1.0,0.13,0.21,0.98,0.0,0.5,0
0.0,0.0,1.0,1.0,0.17,0.21,0.99,0.0,1.0,1
0.0,1.0,1.0,1.0,0.0,0.14,0.99,1.0,0.0,1
0.0,1.0,1.0,1.0,0.0,0.14,0.99,1.0,0.0,1
0.0,1.0,0.0,1.0,0.0,0.71,0.7,1.0,0.5,0
1.0,1.0,1.0,1.0,0.0,0.21,0.97,0.5,0.0,1
0.0,1.0,1.0,1.0,0.1,0.14,0.99,0.0,0.0,1
0.0,0.0,1.0,1.0,0.4,0.07,0.99,0.0,1.0,1
0.0,1.0,1.0,1.0,0.1,0.21,0.93,0.5,1.0,1
0.0,0.0,0.0,0.0,0.1,0.29,0.99,0.0,0.5,1
0.0,1.0,0.0,1.0,0.0,0.29,0.52,0.0,1.0,1
0.0,1.0,0.0,1.0,0.13,0.14,0.99,0.5,1.0,1
0.0,0.0,0.0,1.0,0.0,0.21,0.99,0.0,1.0,1
0.0,0.0,1.0,0.0,0.07,0.21,0.99,0.0,1.0,1
1.0,0.0,0.0,1.0,0.07,0.14,0.77,0.0,0.0,1
1.0,1.0,1.0,0.0,0.0,0.14,0.81,0.0,1.0,1
1.0,1.0,0.0,0.0,0.0,0.21,0.99,0.0,0.5,1
1.0,1.0,1.0,0.0,0.0,0.21,0.99,0.0,0.5,1
1.0,1.0,1.0,0.0,0.0,0.14,0.96,0.0,0.5,1
0.0,1.0,0.0,1.0,0.07,0.36,0.7,0.5,1.0,0
0.0,0.0,1.0,1.0,0.2,0.14,0.99,0.0,1.0,1
0.0,1.0,1.0,0.0,0.13,0.21,0.99,0.0,1.0,1
1.0,0.0,0.0,0.0,0.0,0.14,0.49,0.0,0.5,0
0.0,1.0,1.0,1.0,0.0,0.21,0.99,0.5,0.0,1
1.0,1.0,1.0,0.0,0.0,0.21,0.99,0.0,0.5,0
0.0,0.0,0.0,1.0,0.0,0.21,0.99,0.0,1.0,1
0.0,0.0,1.0,1.0,0.13,0.21,0.99,0.0,1.0,1
0.0,1.0,1.0,1.0,0.17,0.07,1.0,0.5,0.5,1
0.0,1.0,0.0,1.0,0.13,0.21,0.46,1.0,1.0,1
1.0,0.0,0.0,0.0,0.0,0.21,0.82,0.0,0.5,1
1.0,1.0,0.0,0.0,0.0,0.21,0.82,0.0,0.5,1
0.0,0.0,1.0,1.0,0.07,0.21,0.99,0.5,1.0,1
1.0,0.0,1.0,0.0,0.0,0.21,0.99,0.5,1.0,1
0.0,0.0,0.0,1.0,0.07,0.29,0.34,0.0,1.0,1
0.0,0.0,1.0,1.0,0.17,0.21,0.99,0.0,1.0,1
1.0,1.0,1.0,0.0,0.0,0.14,0.99,0.0,0.0,1
0.0,1.0,1.0,0.0,0.1,0.21,0.99,0.0,0.0,1
0.0,0.0,1.0,1.0,0.1,0.21,0.99,0.0,1.0,1
0.0,0.0,0.0,0.0,0.0,0.21,0.79,0.0,0.5,1
0.0,0.0,0.0,1.0,0.1,0.07,0.46,0.0,0.5,1
0.0,1.0,0.0,1.0,0.1,0.25,0.5,0.0,1.0,1
0.0,1.0,0.0,1.0,0.1,0.14,0.95,0.0,1.0,1
0.0,1.0,1.0,0.0,0.07,0.18,0.95,0.5,0.5,1
0.0,0.0,0.0,0.0,0.2,0.11,0.48,0.0,0.5,1
0.0,0.0,1.0,1.0,0.2,0.21,0.99,0.0,1.0,1
0.0,1.0,0.0,0.0,0.07,0.14,0.94,0.5,1.0,1
0.0,1.0,0.0,0.0,0.07,0.14,0.94,0.5,1.0,1
0.0,0.0,1.0,1.0,0.3,0.21,0.99,0.0,1.0,1
0.0,1.0,0.0,0.0,0.1,0.29,0.99,0.5,0.0,0
0.0,1.0,1.0,0.0,0.0,0.14,0.94,0.0,0.5,1
1.0,1.0,1.0,0.0,0.0,0.29,0.99,0.0,0.0,1
1.0,1.0,0.0,1.0,0.0,0.29,0.45,0.0,1.0,1
0.0,1.0,1.0,1.0,0.0,0.07,0.8,0.0,0.5,1
1.0,0.0,1.0,1.0,0.0,0.14,0.88,0.0,0.5,1
1.0,1.0,1.0,0.0,0.17,0.21,0.97,1.0,1.0,1
1.0,1.0,1.0,1.0,0.0,0.21,0.99,0.0,0.0,1
0.0,0.0,0.0,0.0,0.0,0.21,1.0,0.0,0.5,1
0.0,0.0,1.0,1.0,0.1,0.21,0.97,0.0,0.5,1
0.0,0.0,0.0,1.0,0.1,0.21,0.0,0.0,0.5,1
0.0,0.0,1.0,0.0,0.1,0.21,0.99,0.5,1.0,1
0.0,1.0,1.0,1.0,0.1,0.29,0.48,0.0,1.0,1
0.0,0.0,0.0,0.0,0.0,0.29,0.34,0.0,1.0,1
0.0,1.0,0.0,0.0,0.1,0.14,0.89,0.0,0.0,1
0.0,0.0,1.0,1.0,0.4,0.14,0.99,0.0,1.0,1
0.0,0.0,0.0,0.0,0.07,0.14,1.0,0.5,0.5,1
0.0,0.0,0.0,0.0,0.07,0.14,0.94,0.5,0.5,1
0.0,1.0,1.0,1.0,0.1,0.21,0.99,0.0,0.0,1
0.0,1.0,1.0,1.0,0.17,0.18,0.95,0.0,1.0,1
1.0,0.0,1.0,1.0,0.1,0.29,0.9,0.0,1.0,1
1.0,1.0,1.0,1.0,0.0,0.21,0.99,0.5,1.0,1
0.0,1.0,1.0,1.0,0.0,0.21,0.49,0.5,1.0,1
0.0,1.0,1.0,1.0,0.0,0.14,0.99,0.0,1.0,1
0.0,1.0,1.0,1.0,0.0,0.14,0.99,0.0,1.0,1
0.0,1.0,1.0,1.0,0.0,0.25,0.48,0.0,0.5,1
0.0,1.0,0.0,1.0,0.2,0.21,0.57,0.0,1.0,1
0.0,0.0,0.0,1.0,0.07,0.29,0.78,0.0,0.5,1
0.0,1.0,1.0,1.0,0.17,0.36,0.55,0.0,1.0,1
0.0,1.0,1.0,1.0,0.13,0.14,0.92,0.5,0.5,1
0.0,1.0,1.0,1.0,0.13,0.14,0.95,0.5,0.5,1
0.0,0.0,1.0,0.0,0.0,0.21,0.94,0.0,1.0,1
0.0,0.0,1.0,1.0,0.4,0.21,0.99,0.0,1.0,1
0.0,0.0,0.0,0.0,0.23,0.14,1.0,0.5,0.5,1
1.0,0.0,0.0,0.0,0.0,0.07,0.45,0.5,1.0,1
1.0,0.0,1.0,1.0,0.0,0.25,0.94,0.0,1.0,1
1.0,0.0,1.0,1.0,0.0,0.14,0.99,0.0,0.5,1
1.0,0.0,0.0,1.0,0.13,0.36,0.34,0.0,1.0,1
0.0,1.0,1.0,0.0,0.23,0.14,0.99,0.5,1.0,1
0.0,1.0,1.0,0.0,0.0,0.07,0.96,0.0,0.5,1
0.0,1.0,1.0,0.0,0.2,0.21,0.99,0.0,1.0,1
1.0,1.0,1.0,0.0,0.0,0.07,0.98,0.0,1.0,1
1.0,0.0,1.0,1.0,0.07,0.21,0.99,0.0,0.5,1
1.0,0.0,1.0,0.0,0.0,0.21,1.0,0.5,0.5,1
0.0,0.0,0.0,0.0,0.0,0.43,0.49,0.0,1.0,0
0.0,1.0,0.0,1.0,0.07,0.29,0.93,0.0,1.0,1
0.0,1.0,0.0,0.0,0.1,0.21,0.92,0.5,0.5,1
0.0,1.0,0.0,0.0,0.1,0.21,0.92,0.5,0.5,1
0.0,1.0,1.0,1.0,0.07,0.32,0.48,0.0,0.5,1
1.0,0.0,0.0,1.0,0.0,0.14,1.0,0.0,0.5,1
1.0,1.0,1.0,0.0,0.0,0.14,0.99,0.0,1.0,1
1.0,1.0,1.0,0.0,0.0,0.14,0.99,0.0,1.0,1
1.0,1.0,1.0,0.0,0.0,0.29,0.99,1.0,0.0,1
1.0,1.0,1.0,0.0,0.0,0.29,0.99,1.0,0.0,1
0.0,0.0,1.0,1.0,0.17,0.14,1.0,0.5,0.5,1
0.0,0.0,0.0,1.0,0.0,0.21,0.45,0.0,0.5,1
0.0,1.0,0.0,0.0,0.23,0.36,0.77,0.0,1.0,1
0.0,1.0,1.0,1.0,0.2,0.11,0.95,0.0,1.0,1
0.0,1.0,0.0,0.0,0.0,0.21,0.91,0.0,0.5,1
1.0,1.0,1.0,1.0,0.0,0.14,0.68,0.0,1.0,1
1.0,0.0,0.0,0.0,0.0,0.29,0.91,0.5,1.0,1
1.0,0.0,0.0,1.0,0.07,0.21,1.0,0.0,0.5,1
1.0,1.0,1.0,1.0,0.0,0.39,0.45,0.0,1.0,1
0.0,1.0,1.0,0.0,0.0,0.21,0.91,0.0,1.0,1
0.0,1.0,1.0,1.0,0.0,0.29,0.99,1.0,0.0,1
0.0,1.0,1.0,1.0,0.0,0.29,0.99,1.0,0.0,1
1.0,0.0,1.0,0.0,0.0,0.29,0.99,0.0,1.0,1
1.0,0.0,0.0,1.0,0.07,0.21,1.0,0.0,0.5,1
1.0,1.0,1.0,1.0,0.07,0.21,0.94,0.0,0.5,1
0.0,1.0,1.0,1.0,0.0,0.07,0.94,0.5,0.5,1
1.0,0.0,0.0,1.0,0.0,0.21,1.0,0.0,0.5,1
0.0,1.0,1.0,1.0,0.17,0.21,0.92,1.0,1.0,1
0.0,1.0,1.0,1.0,0.1,0.46,0.45,0.0,1.0,1
0.0,1.0,1.0,1.0,0.13,0.46,0.45,0.0,1.0,1
1.0,1.0,1.0,0.0,0.07,0.14,0.92,1.0,1.0,1
1.0,1.0,1.0,0.0,0.0,0.39,0.98,0.0,0.0,1
0.0,1.0,1.0,0.0,0.0,0.43,0.98,0.0,0.0,1
1.0,1.0,0.0,0.0,0.17,0.21,0.48,0.0,1.0,1
0.0,1.0,1.0,1.0,0.0,0.29,0.99,0.0,1.0,1
0.0,1.0,1.0,1.0,0.0,0.29,0.99,0.0,1.0,1
0.0,1.0,1.0,1.0,0.13,0.21,0.99,0.0,1.0,1
0.0,1.0,1.0,1.0,0.13,0.21,0.99,0.0,1.0,1
0.0,1.0,1.0,1.0,0.23,0.14,0.97,0.0,0.5,1
0.0,0.0,1.0,1.0,0.0,0.21,0.98,0.5,0.5,1
1.0,1.0,0.0,0.0,0.0,0.29,0.54,0.0,0.5,1
0.0,0.0,1.0,1.0,0.0,0.36,0.99,0.0,1.0,1
0.0,1.0,1.0,1.0,0.07,0.36,0.99,0.0,1.0,1
0.0,0.0,0.0,0.0,0.13,0.07,0.92,0.5,0.5,1
0.0,0.0,1.0,1.0,0.17,0.21,0.99,0.0,1.0,1
0.0,1.0,1.0,0.0,0.13,0.21,0.99,0.0,1.0,1
0.0,1.0,1.0,1.0,0.13,0.21,0.99,0.0,1.0,1
0.0,1.0,1.0,1.0,0.0,0.29,0.99,0.0,1.0,1
0.0,1.0,1.0,1.0,0.0,0.29,0.99,0.0,1.0,1
0.0,1.0,1.0,1.0,0.13,0.21,0.99,0.0,1.0,1
0.0,0.0,0.0,1.0,0.13,0.14,0.89,0.0,0.5,1
0.0,1.0,1.0,1.0,0.13,0.14,0.99,0.0,1.0,1
0.0,0.0,0.0,1.0,0.0,0.46,0.45,0.0,0.5,1
1.0,1.0,0.0,1.0,0.0,0.29,0.95,0.0,0.5,1
0.0,1.0,1.0,1.0,0.0,0.21,0.97,0.0,0.5,1
1.0,1.0,1.0,1.0,0.0,0.36,0.99,0.0,0.0,1
1.0,0.0,1.0,1.0,0.0,0.21,0.96,0.0,1.0,1
1.0,1.0,1.0,1.0,0.0,0.36,0.99,0.0,1.0,1
1.0,1.0,1.0,1.0,0.0,0.36,0.99,0.0,1.0,1
0.0,0.0,1.0,0.0,0.1,0.21,0.45,0.0,0.5,1
0.0,0.0,0.0,1.0,0.1,0.36,0.54,0.5,1.0,1
1.0,0.0,0.0,1.0,0.0,0.75,0.44,0.5,1.0,1
0.0,1.0,1.0,1.0,0.1,0.5,0.54,0.5,1.0,1
1.0,1.0,1.0,1.0,0.17,0.43,0.92,1.0,1.0,1
0.0,0.0,1.0,0.0,0.13,0.21,0.96,0.0,1.0,1
0.0,0.0,0.0,1.0,0.0,0.43,0.99,0.5,0.5,1
1.0,0.0,1.0,1.0,0.0,0.64,0.45,0.0,1.0,1
1.0,1.0,1.0,1.0,0.13,0.14,0.96,0.0,0.5,1
0.0,1.0,1.0,1.0,0.13,0.14,0.97,0.0,0.5,1
0.0,1.0,1.0,1.0,0.1,0.29,0.45,0.0,0.5,1
0.0,0.0,0.0,0.0,0.0,1.0,0.51,0.0,0.5,1
